item,t_id
HOSIERY,0
VITAMINS & HLTH AIDS,0
PET SUPPLIES,0
CANDY,0
SPIRITS,0
WINE,0
TOBACCO,0
HEALTH AIDS,1
PERSONAL CARE,1
PRE-RECORDED A/V,2
SMALL ELECTRICS,2
SPIRITS,2
GENERAL GROCERIES,3
SPIRITS,4
SPIRITS,5
TOBACCO,5
PET SUPPLIES,6
SPIRITS,6
WINE,6
BEER,6
SCHOOL/OFFIC SUPP,7
HEALTH AIDS,7
VALUE ZONE,7
VITAMINS & HLTH AIDS,7
HOUSEHOLD CLEANING,7
PRESTIGE COSMETICS,8
HEALTH AIDS,8
BABY CARE,8
HOUSEHOLD CLEANING,8
PERISHABLES,8
CANDY,8
WINE,8
GENERAL HOUSEWARES,9
SPIRITS,9
PET SUPPLIES,10
CANDY,10
BEER,10
WINE,11
BEVERAGES,12
SPIRITS,12
SPIRITS,13
WINE,13
SPIRITS,14
GEN SPORTING GOODS,15
GENERAL GROCERIES,15
CANDY,15
TOBACCO,15
SEASONAL,16
TOBACCO,16
BEVERAGES,17
SPIRITS,17
WINE,17
SPIRITS,18
SPIRITS,19
WINE,19
BEVERAGES,20
SPIRITS,20
BEAUTY CARE,21
PERSONAL CARE,21
BEVERAGES,21
BEVERAGES,22
SPIRITS,22
BEVERAGES,23
BEAUTY RETAIL,24
BEAUTY CARE,24
HOME DECOR,24
SPIRITS,24
TOBACCO,24
BEAUTY CARE,25
PERSONAL CARE,25
GEN SPORTING GOODS,25
SPORTS NUTRITION,25
AUTOMOTIVE,25
GENERAL GROCERIES,25
BEVERAGES,25
CANDY,25
HEALTH AIDS,26
SPORTS NUTRITION,26
HOUSEHOLD CLEANING,26
HOUSEHOLD CLEANING,27
WINE,28
BEER,28
GENERAL GROCERIES,29
SPIRITS,29
BEVERAGES,30
SPIRITS,30
BEER,30
GENERAL GROCERIES,31
SPORTS NUTRITION,32
GENERAL GROCERIES,33
BEVERAGES,33
PERSONAL CARE,34
HOUSEHOLD CLEANING,34
WINE,35
FASHION ACCESSORIES,36
GENERAL GROCERIES,36
BEVERAGES,36
SPIRITS,36
SPIRITS,37
SMALL ELECTRICS,38
SPIRITS,38
BEER,38
TOBACCO,38
TOBACCO,39
HOUSEHOLD CLEANING,40
LAWN & GARDEN,41
TOBACCO,41
CAMERAS & EQUIP,42
HEALTH AIDS,42
COOKWARE,42
HOUSEHOLD CLEANING,42
AMERICAN GREETINGS,43
WINE,43
BEER,43
WINE,44
SPORTS NUTRITION,45
GENERAL HARDWARE,45
GENERAL GROCERIES,46
SPIRITS,46
WINE,46
GENERAL GROCERIES,47
BEVERAGES,47
SEASONAL,48
PET SUPPLIES,48
SPIRITS,48
WINE,48
BEER,49
TOBACCO,49
PRESTIGE COSMETICS,50
SPIRITS,50
BEER,50
TOBACCO,50
WINE,51
TOBACCO,52
AMERICAN GREETINGS,53
SPIRITS,54
WINE,54
SPIRITS,55
SPORTS NUTRITION,56
TOBACCO,57
BEVERAGES,58
SPIRITS,59
PET SUPPLIES,60
CANDY,60
TOBACCO,60
PERSONAL CARE,61
SPORTS NUTRITION,61
LOCAL GIFTS/FOODS,62
SCHOOL/OFFIC SUPP,62
AMERICAN GREETINGS,62
PERSONAL CARE,62
PET SUPPLIES,62
CANDY,62
WINE,62
SPORTS NUTRITION,63
BEVERAGES,63
TOBACCO,63
SEASONAL,64
SPIRITS,65
WINE,65
BEVERAGES,66
DAYWEAR,67
STATIONERY SUNDRIES,67
BABY CARE,67
WINE,67
SEASONAL,68
MASS COSMETICS,69
HEALTH AIDS,69
SPIRITS,69
WINE,69
WINE,70
BEAUTY RETAIL,71
SEASONAL,71
BEVERAGES,72
CANDY,72
SPIRITS,72
WINE,72
TOBACCO,72
PET SUPPLIES,73
HOUSEHOLD CLEANING,74
PET SUPPLIES,74
PET SUPPLIES,75
BEVERAGES,76
SPIRITS,76
BEAUTY CARE,77
AUTOMOTIVE,78
BEER,79
BATTERIES,80
GENERAL GROCERIES,81
BEVERAGES,81
CANDY,81
TOBACCO,81
GENERAL GROCERIES,82
CANDY,82
HEALTH AIDS,83
BEAUTY CARE,83
PERSONAL CARE,83
HOUSEHOLD CLEANING,83
WINE,83
MENS DENIM JEANS,84
PET SUPPLIES,84
HEALTH AIDS,85
SPIRITS,85
TOBACCO,85
SUNGLASSES,86
HEALTH AIDS,86
BEAUTY CARE,86
PERSONAL CARE,86
HOUSEHOLD CLEANING,86
PET SUPPLIES,86
LAWN & GARDEN,86
MASS COSMETICS,87
TOYS,87
BEVERAGES,87
CANDY,87
TOYS,88
SEASONAL,88
BEVERAGES,89
SPIRITS,89
SPIRITS,90
WINE,90
PERSONAL CARE,91
SPIRITS,91
HEALTH AIDS,92
BATTERIES,92
GENERAL GROCERIES,92
BEVERAGES,92
HEALTH AIDS,93
BEAUTY CARE,93
PERSONAL CARE,93
SPIRITS,93
BEER,93
TOBACCO,93
PET SUPPLIES,94
SPIRITS,94
TOBACCO,94
FISHING,95
HEALTH AIDS,96
PERSONAL CARE,96
HOUSEHOLD CLEANING,96
BEER,96
TOBACCO,96
SPIRITS,97
WINE,97
SPIRITS,98
BEER,98
HEALTH AIDS,99
GENERAL HARDWARE,99
BEVERAGES,100
SPIRITS,100
SPIRITS,101
SPIRITS,102
TOBACCO,102
HOUSEHOLD CLEANING,103
SPIRITS,104
TOBACCO,105
WINE,106
TOBACCO,106
TOBACCO,107
HEALTH AIDS,108
PET SUPPLIES,108
CANDY,108
THIRD PARTY GIFTCARD,109
PET SUPPLIES,110
TOBACCO,110
WINE,111
MENS ACCESSORIES,112
CANDY,112
BIKES,113
BATTERIES,113
SPIRITS,114
WINE,114
GENERAL HARDWARE,115
HEALTH AIDS,116
SPIRITS,116
WINE,116
GENERAL HARDWARE,117
HOUSEHOLD CLEANING,118
SPIRITS,118
TOBACCO,118
AMERICAN GREETINGS,119
BEAUTY CARE,119
GEN SPORTING GOODS,119
CANDY,119
SPIRITS,119
WINE,119
BEER,119
WINE,120
AMERICAN GREETINGS,121
TOYS,121
SEASONAL,121
PET SUPPLIES,122
BOOKS AND MAPS,123
CANDY,123
HEALTH AIDS,124
CANDY,124
WINE,124
BEER,124
GENERAL HARDWARE,125
GEN SPORTING GOODS,126
WINE,126
HEALTH AIDS,127
BEER,128
SPIRITS,129
SPIRITS,130
MASS COSMETICS,131
CANDY,131
SPIRITS,132
WINE,132
BEER,132
SPIRITS,133
WINE,133
LAWN & GARDEN,134
WINE,134
STATIONERY SUNDRIES,135
HEALTH AIDS,135
BEAUTY CARE,135
HOUSEHOLD CLEANING,135
PET SUPPLIES,135
CANDY,135
TOBACCO,136
PET SUPPLIES,137
SPIRITS,138
SPIRITS,139
TOBACCO,140
AMERICAN GREETINGS,141
HOUSEHOLD CLEANING,141
PET SUPPLIES,141
SPIRITS,141
TOBACCO,141
BEVERAGES,142
TOBACCO,142
SPIRITS,143
BEER,143
SPIRITS,144
TOBACCO,144
SPIRITS,145
TOBACCO,145
CANDY,146
SPIRITS,146
MENS SHOES,147
GEN SPORTING GOODS,148
SPORTS NUTRITION,148
CANDY,148
HEALTH AIDS,149
HOUSEHOLD CLEANING,149
SEASONAL,150
GENERAL HARDWARE,150
SEASONAL GIFTS,151
WINE,151
BEER,151
SPIRITS,152
TOBACCO,152
LAWN & GARDEN,153
SPIRITS,153
WINE,153
BEER,153
BEAUTY RETAIL,154
WINE,154
TOBACCO,154
SMALL ELECTRICS,155
CANDY,155
SPIRITS,155
WINE,155
TOBACCO,155
SPIRITS,156
TOBACCO,156
MENS ATHLETIC SHOES,157
GENERAL GROCERIES,157
SPIRITS,157
BEVERAGES,158
BEER,158
BEER,159
TOBACCO,159
LDS OUTERWEAR/OUTDR,160
SLEEPWEAR/LOUNGEWEAR,160
MENS ACTIVEWEAR,160
BOYS 8-20 CLOTHING,160
BEAUTY CARE,160
OUTDOOR LIVING,160
GENERAL HOUSEWARES,160
AS SEEN ON TV,160
SPIRITS,160
WINE,160
BEER,160
TOBACCO,160
PET SUPPLIES,161
TOBACCO,161
BEVERAGES,162
SPIRITS,162
PET SUPPLIES,163
SPIRITS,163
TOBACCO,163
HOUSEHOLD CLEANING,164
VIDEO GAMES,164
MASS COSMETICS,165
WINE,165
BEER,165
BEVERAGES,166
BEAUTY CARE,167
WINE,168
BEAUTY CARE,169
PET SUPPLIES,169
BEER,169
TOYS,170
BIKES,170
AUTOMOTIVE,171
PET SUPPLIES,171
TOBACCO,172
PET SUPPLIES,173
WINE,173
SEASONAL,174
HOUSEHOLD CLEANING,175
COMPUTER SOFTWARE,176
SPIRITS,176
CANDY,177
SPIRITS,177
WINE,177
TOBACCO,177
SPORTS NUTRITION,178
HOUSEHOLD CLEANING,178
HEALTH AIDS,179
PERSONAL CARE,179
GENERAL GROCERIES,179
BEVERAGES,179
SPIRITS,180
SMALL ELECTRICS,181
BEVERAGES,182
SPIRITS,182
BEER,182
TOBACCO,182
SPIRITS,183
SPIRITS,184
TOBACCO,184
WINE,185
PET SUPPLIES,186
SCHOOL/OFFIC SUPP,187
AMERICAN GREETINGS,187
SPORTS NUTRITION,187
BEVERAGES,187
CANDY,187
WINE,188
BEER,189
SPIRITS,190
HEALTH AIDS,191
SPORTS NUTRITION,191
GENERAL GROCERIES,191
SPIRITS,192
WINE,192
BEVERAGES,193
TOBACCO,193
SPIRITS,194
SPIRITS,195
WINE,195
BEVERAGES,196
SPIRITS,196
WINE,196
WINE,197
HOUSEHOLD CLEANING,198
BEVERAGES,198
CANDY,198
TOBACCO,198
HOUSEHOLD CLEANING,199
BATTERIES,199
SPIRITS,199
TOBACCO,199
CANDY,200
BEER,200
HEALTH AIDS,201
PERSONAL CARE,201
HOUSEHOLD CLEANING,201
GENERAL GROCERIES,201
BEVERAGES,201
CANDY,201
STATIONERY SUNDRIES,202
SPORTS NUTRITION,202
GLUES/TAPES/ACC,202
SPIRITS,203
AMERICAN GREETINGS,204
BEVERAGES,204
BATTERIES,205
GENERAL HARDWARE,205
POWER EQUIPMENT,205
MISSY KAREN SCOTT,206
PRESTIGE COSMETICS,206
SPIRITS,206
WINE,206
GENERAL GROCERIES,207
BEER,207
PET SUPPLIES,208
SPIRITS,208
SOUVENIR,209
AMERICAN GREETINGS,209
BEAUTY CARE,209
SEASONAL,209
GENERAL HARDWARE,209
CANDY,209
SPIRITS,210
SPIRITS,211
WINE,211
MENS ACTIVEWEAR,212
SPIRITS,212
SPIRITS,213
TOBACCO,213
WINE,214
MENS OUTDOOR,215
HEALTH AIDS,215
PERSONAL CARE,215
SPIRITS,216
GENERAL HARDWARE,217
GENERAL GROCERIES,217
HEALTH AIDS,218
SPIRITS,219
HOUSEHOLD CLEANING,220
GENERAL HARDWARE,221
CANDY,221
SPIRITS,221
PERSONAL CARE,222
BEVERAGES,222
PET SUPPLIES,223
SPIRITS,224
BEER,224
TOYS,225
SPIRITS,225
WINE,225
PERSONAL CARE,226
TEAM SPORTING GOODS,226
GENERAL GROCERIES,227
SPIRITS,227
MENS OUTDOOR,228
SPORTS NUTRITION,228
SEASONAL,228
TOBACCO,228
BEVERAGES,229
SPIRITS,229
GIRLS ACCESSORIES,230
AMERICAN GREETINGS,230
HEALTH AIDS,230
FLOOR CARE,230
CANDY,230
WINE,230
SPIRITS,231
BEER,231
PERSONAL CARE,232
SEASONAL,232
CANDY,232
TOYS,233
WINE,233
SPIRITS,234
WINE,234
BEER,234
GENERAL GROCERIES,235
CANDY,235
PERSONAL CARE,236
TOBACCO,236
WINE,237
STATIONERY SUNDRIES,238
AMERICAN GREETINGS,238
SPIRITS,238
WINE,238
WINE,239
BEER,239
WINE,240
HOUSEHOLD CLEANING,241
SPIRITS,242
HEALTH AIDS,243
TOBACCO,243
PET SUPPLIES,244
LAWN & GARDEN,244
SPIRITS,244
BEER,244
SPIRITS,245
TOBACCO,245
BEER,246
TOBACCO,246
MENS OUTDOOR,247
MENS ACTIVEWEAR,247
SPIRITS,247
WINE,247
AMERICAN GREETINGS,248
HEALTH AIDS,248
GENERAL GROCERIES,248
BEVERAGES,248
WINE,248
SPIRITS,249
WINE,249
MENS ACTIVEWEAR,250
MASS COSMETICS,250
HEALTH AIDS,250
MENS DENIM JEANS,251
AMERICAN GREETINGS,251
OUTDOOR LIVING,251
CANDY,251
BEVERAGES,252
DIGITAL FITNESS,253
BEVERAGES,253
SPIRITS,253
WINE,253
AMERICAN GREETINGS,254
BEVERAGES,254
TOBACCO,254
TEAM SPORTING GOODS,255
TOBACCO,255
HEALTH AIDS,256
SUNGLASSES,257
HEALTH AIDS,257
GEN SPORTING GOODS,258
HOUSEHOLD CLEANING,258
GENERAL GROCERIES,258
BEER,258
TOBACCO,259
STATIONERY SUNDRIES,260
SPIRITS,261
SPORTS NUTRITION,262
SEASONAL,263
VIDEO GAMES,263
SPIRITS,264
SPIRITS,265
HEALTH AIDS,266
SMALL ELECTRICS,266
HOUSEHOLD CLEANING,266
AS SEEN ON TV,266
GENERAL HARDWARE,266
TOBACCO,266
TOYS,267
SPIRITS,267
BEER,268
LAWN & GARDEN,269
TOBACCO,269
AMERICAN GREETINGS,270
MISSY KAREN SCOTT,271
MISSY TOPS,271
HOSIERY,271
WINE,271
BEER,271
NAVY PRIDE SOFTLINES,272
BEAUTY CARE,272
HOUSEHOLD CLEANING,272
PET SUPPLIES,272
WMNS PRESTIGE FRAG,273
CANDY,273
PET SUPPLIES,274
HOUSEHOLD CLEANING,275
CANDY,275
SPIRITS,276
PERSONAL CARE,277
FITNESS/EXERCISE,277
PET SUPPLIES,277
HEALTH AIDS,278
BEVERAGES,278
VALUE ZONE,279
WINE,279
FISHING,280
TOYS,280
BEVERAGES,281
HEALTH AIDS,282
VITAMINS & HLTH AIDS,282
AUDIO ELECTRONICS,282
GENERAL GROCERIES,282
AMERICAN GREETINGS,283
TEAM SPORTING GOODS,283
TOBACCO,283
JUNIOR DRESSES,284
DAYWEAR,284
MENS SPORT SHIRTS,284
INFANT APPAREL,284
AMERICAN GREETINGS,284
GENERAL HOUSEWARES,284
BATTERIES,284
PET SUPPLIES,284
SPIRITS,284
BEER,284
SPIRITS,285
TOYS,286
BIKES,286
SEASONAL,286
SPIRITS,287
WINE,287
LDS OUTERWEAR/OUTDR,288
BEAUTY CARE,288
PERSONAL CARE,288
SPIRITS,288
VITAMINS & HLTH AIDS,289
SPIRITS,289
BEER,290
BEER,291
HEALTH AIDS,292
SOUVENIR,293
BOYS 8-20 CLOTHING,293
GENERAL HOUSEWARES,293
SPIRITS,293
AUDIO ELECTRONICS,294
VITAMINS & HLTH AIDS,295
SPORTS NUTRITION,295
BEVERAGES,295
CANDY,295
SPIRITS,295
SPIRITS,296
WINE,296
CANDY,297
SPIRITS,298
BEER,298
MENS ACCESSORIES,299
WINE,299
BEER,299
BEVERAGES,300
SPIRITS,300
HEALTH AIDS,301
GENERAL GROCERIES,301
WINE,301
GENERAL GROCERIES,302
BEVERAGES,303
SPIRITS,303
WINE,303
SPIRITS,304
SPIRITS,305
GIRLS ACCESSORIES,306
HEALTH AIDS,306
SMALL ELECTRICS,306
CANDY,306
SPIRITS,306
WINE,306
BEER,306
TOBACCO,307
SEASONAL,308
SEASONAL,309
GENERAL HARDWARE,309
BARBER RETAIL,310
BEAUTY RETAIL,310
WINE,310
HOUSEHOLD CLEANING,311
SPIRITS,311
HEALTH AIDS,312
BEAUTY CARE,312
PERSONAL CARE,312
TOBACCO,312
HEALTH AIDS,313
SPIRITS,313
WINE,313
GENERAL GROCERIES,314
BEVERAGES,314
CANDY,314
CANDY,315
HEALTH AIDS,316
BEAUTY CARE,316
HEALTH AIDS,317
BEAUTY CARE,317
CANDY,317
WINE,317
GENERAL GROCERIES,318
BEVERAGES,318
PET SUPPLIES,319
SPIRITS,320
WINE,320
BEER,320
BEAUTY CARE,321
PERSONAL CARE,321
GENERAL GROCERIES,321
BEVERAGES,321
WINE,321
TOYS,322
SEASONAL,322
GENERAL HARDWARE,322
PET SUPPLIES,322
UNSCANNED ITEMS,322
SPIRITS,323
WINE,323
SPORTS NUTRITION,324
WINE,324
WINE,325
BEAUTY RETAIL,326
AMERICAN GREETINGS,326
BEAUTY CARE,326
BEER,327
TOBACCO,327
GENERAL HOUSEWARES,328
BEVERAGES,328
WINE,328
BEER,328
BEAUTY RETAIL,329
SCHOOL/OFFIC SUPP,329
MASS COSMETICS,329
SEASONAL,329
CANDY,329
SPIRITS,330
MENS ACCESSORIES,331
BEVERAGES,331
CANDY,331
SPIRITS,331
GENERAL GROCERIES,332
BEVERAGES,332
SPIRITS,333
BEER,333
TOBACCO,333
PERSONAL CARE,334
SEASONAL,334
HOUSEHOLD CLEANING,334
BEVERAGES,334
CANDY,334
WINE,334
TOBACCO,334
TOBACCO,335
SEASONAL,336
SPIRITS,336
WINE,336
TOYS,337
LAWN & GARDEN,337
SPIRITS,337
WINE,337
TOBACCO,337
CANDY,338
BEER,338
PERSONAL CARE,339
MENS DENIM JEANS,340
MENS FURNISHINGS,340
YOUNG MENS,340
SPIRITS,340
WINE,341
DIGITAL FITNESS,342
FITNESS/EXERCISE,342
BEVERAGES,342
WINE,343
GIRLS ACCESSORIES,344
TOYS,344
SEASONAL GIFTS,344
PET SUPPLIES,344
SPIRITS,344
WINE,344
BEER,344
SPIRITS,345
BEER,346
SPIRITS,347
AMERICAN GREETINGS,348
PERSONAL CARE,348
TOYS,348
WINE,348
TOBACCO,348
SPIRITS,349
SPIRITS,350
WINE,351
BEER,351
PET SUPPLIES,352
SPIRITS,352
SPIRITS,353
BEAUTY RETAIL,354
BEAUTY CARE,354
PET SUPPLIES,354
CANDY,354
NAVY PRIDE SOFTLINES,355
SPIRITS,355
BEER,355
SPIRITS,356
SPIRITS,357
WINE,357
WINE,358
PERSONAL CARE,359
PET SUPPLIES,359
WINE,360
BEER,360
TOBACCO,360
WINE,361
CANDY,362
SPIRITS,362
WINE,362
BEER,362
HEALTH AIDS,363
BEAUTY CARE,363
VITAMINS & HLTH AIDS,363
HOUSEHOLD CLEANING,363
PET SUPPLIES,363
MENS FURNISHINGS,364
TABLETOP,364
GENERAL HOUSEWARES,364
HOME ORG/SOLUTIONS,364
BATH,364
BEDDING,364
SPIRITS,364
TOBACCO,364
BEVERAGES,365
SPIRITS,366
SPIRITS,367
HEALTH AIDS,368
BEAUTY CARE,368
PERSONAL CARE,368
SPIRITS,368
WINE,369
GEN SPORTING GOODS,370
HEALTH AIDS,371
SPIRITS,371
WINE,371
BEVERAGES,372
LAWN & GARDEN,373
SPIRITS,373
BEER,373
BEVERAGES,374
SPIRITS,374
WINE,375
BEER,375
MENS FURNISHINGS,376
SPIRITS,376
WINE,377
SPIRITS,378
TOBACCO,378
HOUSEHOLD CLEANING,379
GENERAL HARDWARE,379
CANDY,379
WINE,380
BEER,380
SPIRITS,381
BEVERAGES,382
SPIRITS,382
BEER,382
PERSONAL CARE,383
TOBACCO,383
GENERAL GROCERIES,384
TOBACCO,384
SPIRITS,385
CANDY,386
SPIRITS,387
HEALTH AIDS,388
BEAUTY CARE,388
AUTOMOTIVE,388
GLUES/TAPES/ACC,388
PET SUPPLIES,388
BEVERAGES,388
SEASONAL,389
PET SUPPLIES,390
BEVERAGES,391
GLUES/TAPES/ACC,392
PET SUPPLIES,392
HEALTH AIDS,393
SPIRITS,393
WINE,394
BEER,394
HEALTH AIDS,395
PERSONAL CARE,395
FITNESS/EXERCISE,395
GENERAL GROCERIES,395
WINE,395
DIGITAL FITNESS,396
TOYS,396
CANDY,397
WINE,397
SPIRITS,398
BEER,398
MENS ATHLETIC SHOES,399
HEALTH AIDS,399
BEAUTY CARE,399
SPIRITS,400
WINE,400
BEER,400
SCHOOL/OFFIC SUPP,401
SEASONAL,401
THIRD PARTY GIFTCARD,401
CANDY,401
WINE,401
TOBACCO,401
SEASONAL,402
HEALTH AIDS,403
CANDY,403
SPIRITS,403
WINE,403
HEALTH AIDS,404
BEAUTY CARE,404
BEVERAGES,404
SPIRITS,404
BEER,404
TOBACCO,404
GEN SPORTING GOODS,405
HOUSEHOLD CLEANING,405
AMERICAN GREETINGS,406
TOYS,406
BEVERAGES,407
WINE,407
BEER,407
TOBACCO,407
BEVERAGES,408
WINE,408
SPIRITS,409
BEER,409
SPIRITS,410
BEER,410
BEAUTY CARE,411
PET SUPPLIES,411
BEVERAGES,411
CANDY,411
LAWN & GARDEN,412
TOYS,413
BEER,414
INFANT APPAREL,415
WATCHES,415
GENERAL HOUSEWARES,415
BEER,415
GEN SPORTING GOODS,416
TOBACCO,417
GENERAL GROCERIES,418
CANDY,418
SPIRITS,419
PRESTIGE COSMETICS,420
BEAUTY CARE,420
SPORTS NUTRITION,420
SEASONAL,420
PET SUPPLIES,420
FITNESS/EXERCISE,421
FITNESS/EXERCISE,422
MISC CUSTOM SERVICES,423
TOBACCO,423
TOBACCO,424
GIRLS ACCESSORIES,425
TOYS,425
SPIRITS,425
WINE,425
BEER,426
SPIRITS,427
HOUSEHOLD CLEANING,428
GENERAL GROCERIES,428
CANDY,428
TOBACCO,428
WINE,429
TOBACCO,429
TOYS,430
SEASONAL,430
GENERAL GROCERIES,431
SPIRITS,431
SPIRITS,432
PET SUPPLIES,433
SPIRITS,433
TOBACCO,433
GENERAL GROCERIES,434
BEVERAGES,434
PET SUPPLIES,435
BEER,435
SPORTS NUTRITION,436
HOUSEHOLD CLEANING,436
CANDY,436
SEASONAL,437
WINE,437
VENDING RETAIL,438
BEVERAGES,438
SPIRITS,438
BEVERAGES,439
WINE,439
BEER,439
BEER,440
HEALTH AIDS,441
BEAUTY CARE,441
HOUSEHOLD CLEANING,441
AMERICAN GREETINGS,442
FITNESS/EXERCISE,442
TABLETOP,442
GENERAL HOUSEWARES,442
WINE,442
BEER,442
PET SUPPLIES,443
SPIRITS,444
BEER,444
SPIRITS,445
HEALTH AIDS,446
HOUSEHOLD CLEANING,446
BEVERAGES,446
WINE,446
BEER,446
PET SUPPLIES,447
SPIRITS,447
BEER,447
SPIRITS,448
SPIRITS,449
GENERAL GROCERIES,450
BEVERAGES,450
WINE,450
SPORTS NUTRITION,451
SPIRITS,452
WINE,452
WINE,453
SPIRITS,454
TOBACCO,454
PET SUPPLIES,455
SPIRITS,456
HOUSEHOLD CLEANING,457
SPIRITS,457
WINE,457
PET SUPPLIES,458
TOBACCO,458
SPIRITS,459
BEER,460
MASS COSMETICS,461
HEALTH AIDS,462
BEAUTY CARE,462
PET SUPPLIES,462
WINE,462
SPIRITS,463
VALUE ZONE,464
WINE,464
BEER,464
MENS ACTIVEWEAR,465
BEDDING,465
CANDY,465
SPIRITS,466
HEALTH AIDS,467
PERSONAL CARE,467
SEASONAL GIFTS,467
TOBACCO,467
WINE,468
HEALTH AIDS,469
HOUSEHOLD CLEANING,469
BEVERAGES,469
SPIRITS,469
GENERAL GROCERIES,470
BEVERAGES,470
HEALTH AIDS,471
HOUSEHOLD CLEANING,471
GENERAL GROCERIES,471
SPIRITS,471
AMERICAN GREETINGS,472
HEALTH AIDS,472
VITAMINS & HLTH AIDS,472
HOUSEHOLD CLEANING,472
BEER,472
HOUSEHOLD CLEANING,473
GENERAL GROCERIES,473
CANDY,473
SMALL ELECTRICS,474
HOUSEHOLD CLEANING,474
PET SUPPLIES,474
DAYWEAR,475
HEALTH AIDS,475
SPORTS NUTRITION,475
BEAUTY RETAIL,476
AMERICAN GREETINGS,477
MASS COSMETICS,477
PRESTIGE COSMETICS,477
HOME/BATH,477
BEAUTY CARE,477
SPIRITS,477
WINE,477
AMERICAN GREETINGS,478
LAWN & GARDEN,479
SPIRITS,479
WINE,479
MISSY KAREN SCOTT,480
BEVERAGES,481
CANDY,481
BEER,481
PET SUPPLIES,482
MASS COSMETICS,483
BEAUTY CARE,483
BEVERAGES,484
CANDY,484
VITAMINS & HLTH AIDS,485
SPIRITS,485
BEER,485
BEVERAGES,486
SPIRITS,486
TOBACCO,486
HEALTH AIDS,487
HOUSEHOLD CLEANING,487
SPIRITS,488
DENIM COLLECTIONS,489
WOMENS ATHLTIC SHOES,489
MENS FURNISHINGS,489
YOUNG MENS,489
BEVERAGES,489
CANDY,489
SPIRITS,489
WINE,489
JUNIORS SURF,490
MODERATE DENIM,490
YOUNG MENS,490
GIRLS 7-16 CLOTHING,490
BEAUTY CARE,490
BEVERAGES,490
SPIRITS,490
TOBACCO,490
MISSY KAREN SCOTT,491
HANDBAGS,491
FASHION ACCESSORIES,491
MENS FURNISHINGS,491
MENS ACTIVEWEAR,491
MASS COSMETICS,491
SPORTS NUTRITION,491
SEASONAL,491
GENERAL HARDWARE,491
CANDY,491
SPIRITS,491
WINE,491
HEALTH AIDS,492
THIRD PARTY GIFTCARD,492
WINE,492
NAVY PRIDE HARDLINES,493
WATCHES,493
PERSONAL CARE,493
SPIRITS,493
TOYS,494
BEER,495
GENERAL GROCERIES,496
CANDY,496
CANDY,497
HEALTH AIDS,498
HOUSEHOLD CLEANING,498
HEALTH AIDS,499
WINE,499
WINE,500
BEER,500
BEAUTY CARE,501
CANDY,501
GENERAL HARDWARE,502
PERSONAL CARE,503
TOYS,503
HOUSEHOLD CLEANING,503
BEER,504
PET SUPPLIES,505
AMERICAN GREETINGS,506
MASS COSMETICS,506
PRESTIGE COSMETICS,506
TOYS,506
MENS FURNISHINGS,507
HOUSEHOLD CLEANING,507
PET SUPPLIES,507
SPIRITS,507
SPIRITS,508
SPIRITS,509
TOBACCO,509
TOBACCO,510
BEVERAGES,511
CANDY,511
BEER,511
BEVERAGES,512
SPIRITS,512
WINE,512
WINE,513
SPIRITS,514
BEER,514
SPIRITS,515
BEER,515
VITAMINS & HLTH AIDS,516
TOBACCO,516
HOUSEHOLD CLEANING,517
MENS FURNISHINGS,518
MENS SHOES,518
CANDY,518
MASS COSMETICS,519
SPIRITS,519
BEVERAGES,520
MENS SHOES,521
HEALTH AIDS,521
PERSONAL CARE,521
HOUSEHOLD CLEANING,521
BEVERAGES,521
SPORTS NUTRITION,522
GENERAL HARDWARE,522
BEVERAGES,522
BEER,522
SEASONAL,523
SMALL ELECTRICS,524
TOBACCO,524
SPIRITS,525
BEER,526
STATIONERY SUNDRIES,527
BEVERAGES,527
SPIRITS,527
WINE,527
TOBACCO,527
PEGABLES,528
NEWBORN APPAREL,528
BABY CARE,528
PERSONAL CARE,528
HOUSEHOLD CLEANING,528
PET SUPPLIES,528
SPIRITS,528
BEER,528
GEN SPORTING GOODS,529
HOUSEHOLD CLEANING,529
GENERAL GROCERIES,529
PERISHABLES,529
SPIRITS,530
BEER,530
TOBACCO,530
PET SUPPLIES,531
SPIRITS,531
TOBACCO,531
BEVERAGES,532
SPIRITS,532
TOBACCO,532
HEALTH AIDS,533
PERSONAL CARE,533
HOUSEHOLD CLEANING,533
BEVERAGES,533
PERISHABLES,533
SPIRITS,533
BEVERAGES,534
SPIRITS,534
TOBACCO,534
PET SUPPLIES,535
HEALTH AIDS,536
PERSONAL CARE,536
HOUSEHOLD CLEANING,536
GENERAL GROCERIES,536
HEALTH AIDS,537
TOBACCO,537
SPORTS NUTRITION,538
BEER,538
BEER,539
SPIRITS,540
PC HDWR & OFFICE EQP,541
BEER,542
BEAUTY CARE,543
AMERICAN GREETINGS,544
HOME/BATH,544
WINE,544
HEALTH AIDS,545
PERSONAL CARE,545
BEVERAGES,546
SPIRITS,546
SPIRITS,547
BEER,547
HOUSEHOLD CLEANING,548
BEAUTY CARE,549
PERSONAL CARE,549
BEVERAGES,549
SPIRITS,550
GIRLS 7-16 CLOTHING,551
SEASONAL,551
BEVERAGES,552
MENS ACCESSORIES,553
HEALTH AIDS,553
PERSONAL CARE,553
VITAMINS & HLTH AIDS,553
HOUSEHOLD CLEANING,553
SPIRITS,553
TOBACCO,554
TEAM SPORTING GOODS,555
TOBACCO,555
SEASONAL GIFTS,556
SPIRITS,556
SPIRITS,557
SPIRITS,558
TOBACCO,559
TOBACCO,560
HEALTH AIDS,561
PERSONAL CARE,561
SPIRITS,562
HEALTH AIDS,563
PERSONAL CARE,563
HOUSEHOLD CLEANING,563
HEALTH AIDS,564
CANDY,564
HEALTH AIDS,565
BEER,566
MASS COSMETICS,567
PERSONAL CARE,567
SPIRITS,568
SPIRITS,569
TOBACCO,570
PERSONAL CARE,571
MENS PRESTIGE FRAG,572
TOYS,572
BIKES,572
TELECOMMUNICATIONS,573
iPAD,573
SPIRITS,573
BEER,573
BEER,574
BABY CARE,575
BEAUTY CARE,575
PERSONAL CARE,575
GENERAL GROCERIES,575
BEER,575
BEVERAGES,576
SPIRITS,576
TOYS,577
SPIRITS,578
TOBACCO,578
SPIRITS,579
PET SUPPLIES,580
WINE,580
HEALTH AIDS,581
SPORTS NUTRITION,581
CANDY,581
TOBACCO,581
BEVERAGES,582
SPIRITS,582
HEALTH AIDS,583
HOUSEHOLD CLEANING,583
GENERAL GROCERIES,583
SPIRITS,583
BEVERAGES,584
SPIRITS,584
TOBACCO,584
HEALTH AIDS,585
BEER,585
TOBACCO,585
SMALL ELECTRICS,586
PET SUPPLIES,586
TEAM SPORTING GOODS,587
WINE,587
HEALTH AIDS,588
BEVERAGES,588
SPIRITS,589
CANDY,590
SPIRITS,590
SEASONAL GIFTS,591
CANDY,591
SPIRITS,592
BEER,592
SPORTS NUTRITION,593
SPIRITS,593
HEALTH AIDS,594
BEAUTY CARE,594
PERSONAL CARE,594
HOUSEHOLD CLEANING,594
GENERAL GROCERIES,594
BEVERAGES,594
CANDY,594
SPIRITS,594
AMERICAN GREETINGS,595
PERSONAL CARE,595
PET SUPPLIES,595
TOBACCO,595
GENERAL HOUSEWARES,596
WINE,596
HEALTH AIDS,597
PERSONAL CARE,597
HOUSEHOLD CLEANING,598
BEVERAGES,599
SPIRITS,599
WINE,599
MENS FURNISHINGS,600
CANDY,600
JUNIOR BOTTOMS,601
DENIM COLLECTIONS,601
GEN SPORTING GOODS,602
MENS ACTIVEWEAR,603
PET SUPPLIES,603
TOBACCO,603
BATH,604
GENERAL GROCERIES,604
BATH,605
GENERAL GROCERIES,605
BEVERAGES,605
SUNGLASSES,606
PRESTIGE COSMETICS,607
HOME/BATH,607
GENERAL GROCERIES,608
BEVERAGES,608
CANDY,608
SCHOOL/OFFIC SUPP,609
SPIRITS,610
TOBACCO,610
HOUSEHOLD CLEANING,611
GENERAL GROCERIES,611
PAPYRUS,612
MASS COSMETICS,612
SPIRITS,612
WINE,612
MENS ACCESSORIES,613
SMALL ELECTRICS,613
HOUSEHOLD CLEANING,614
THIRD PARTY GIFTCARD,615
BEVERAGES,615
BEER,615
TOBACCO,615
MENS OUTDOOR,616
PRESTIGE COSMETICS,617
PET SUPPLIES,617
HEALTH AIDS,618
PERSONAL CARE,618
BEER,618
WOMENS FTWR:DRS/CAS,619
SEASONAL GIFTS,619
LADIES ACTIVEWEAR,620
HOME/BATH,620
AUDIO ELECTRONICS,620
GENERAL HOUSEWARES,620
TELECOMMUNICATIONS,621
HEALTH AIDS,621
GEN SPORTING GOODS,621
BARBER RETAIL,622
AMERICAN GREETINGS,623
SEASONAL,623
CANDY,623
BEVERAGES,624
CANDY,624
TOBACCO,624
TODDLER GIRL APPAREL,625
SMALL ELECTRICS,625
BEDDING,625
CANDY,625
TOBACCO,625
THIRD PARTY GIFTCARD,626
TOBACCO,626
MENS OUTDOOR,627
NEWBORN APPAREL,627
TOYS,627
SEASONAL,627
BEVERAGES,628
CANDY,628
TOBACCO,628
MENS PRESTIGE FRAG,629
SLEEPWEAR/LOUNGEWEAR,630
GIRLS 7-16 CLOTHING,630
BOYS 8-20 CLOTHING,630
SPIRITS,631
TOBACCO,632
SCHOOL/OFFIC SUPP,633
WATCHES,634
SLEEPWEAR/LOUNGEWEAR,635
HOSIERY,635
SCHOOL/OFFIC SUPP,635
AMERICAN GREETINGS,635
BEAUTY CARE,635
HOME DECOR,635
CANDY,635
TOBACCO,635
CANDY,636
HEALTH AIDS,637
HEALTH AIDS,638
PERSONAL CARE,638
GEN SPORTING GOODS,638
TOBACCO,638
CANDY,639
SEASONAL GIFTS,640
TOBACCO,641
SCHOOL/OFFIC SUPP,642
GENERAL HOUSEWARES,642
MENS DENIM JEANS,643
MENS SHOES,643
MENS ATHLETIC SHOES,643
SEASONAL,644
BEVERAGES,644
CANDY,644
TOBACCO,645
MENS OUTERWEAR,646
MENS DENIM JEANS,646
MENS MODERN COLLECT,646
BEVERAGES,647
CANDY,647
BEVERAGES,648
SPIRITS,648
BEER,648
TOBACCO,648
HOSIERY,649
VIDEO ELECTRONICS,650
SMALL ELECTRICS,650
BEVERAGES,651
CANDY,652
TOBACCO,652
MENS DENIM JEANS,653
MENS OUTDOOR,653
GEN SPORTING GOODS,653
AMERICAN GREETINGS,654
MASS COSMETICS,654
BEAUTY CARE,654
GENERAL GROCERIES,654
BEVERAGES,654
CANDY,654
WINE,654
BEVERAGES,655
SPIRITS,656
WINE,656
BEER,656
CANDY,657
CANDY,658
JUNIOR TOPS,659
SMALL ELECTRICS,659
WOMENS FTWR:DRS/CAS,660
MNS TAILORED CLOTHNG,660
MENS CASUAL SLACKS,660
MENS DRESS SHIRTS,660
MENS ACCESSORIES,660
PRESTIGE COSMETICS,660
TOBACCO,661
BEVERAGES,662
SLEEPWEAR/LOUNGEWEAR,663
CHILDRENS FOOTWEAR,663
AMERICAN GREETINGS,664
HEALTH AIDS,664
WINE,664
STYLE & CO,665
PRESTIGE COSMETICS,665
HEALTH AIDS,665
PERSONAL CARE,665
HOUSEHOLD CLEANING,665
TOBACCO,666
CLASSIC COLLECTIONS,667
MENS DENIM JEANS,668
PEGABLES,669
NEWBORN APPAREL,669
INFANT APPAREL,670
TODDLER BOY APPAREL,670
MENS FURNISHINGS,671
AMERICAN GREETINGS,671
PERSONAL CARE,671
SEASONAL GIFTS,671
THIRD PARTY GIFTCARD,671
GENERAL HOUSEWARES,671
FLOOR CARE,671
GEN SPORTING GOODS,672
MISSY TOPS,673
BEAUTY CARE,674
PERSONAL CARE,675
TOBACCO,676
TOBACCO,677
HOME/BATH,678
BEAUTY CARE,678
MENS FURNISHINGS,679
TRAD COLLECTIONS,679
TOBACCO,679
MENS ACCESSORIES,680
MENS FURNISHINGS,680
MASS COSMETICS,680
HOME ORG/SOLUTIONS,680
GLUES/TAPES/ACC,680
PET SUPPLIES,680
BATH,680
PERSONAL CARE,681
GENERAL GROCERIES,681
PERSONAL CARE,682
PERSONAL CARE,683
BEVERAGES,683
GIRLS ACCESSORIES,684
TEAM SPORTING GOODS,684
BEVERAGES,685
PERISHABLES,685
HEALTH AIDS,686
TOBACCO,686
TOBACCO,687
SLEEPWEAR/LOUNGEWEAR,688
BOYS ACCESSORIES,688
BOYS 8-20 CLOTHING,688
HEALTH AIDS,688
PERSONAL CARE,688
TOYS,688
HOUSEHOLD CLEANING,688
BATTERIES,688
PET SUPPLIES,688
CANDY,688
HOUSEHOLD CLEANING,689
HEALTH AIDS,690
BABY CARE,690
HOUSEHOLD CLEANING,690
GENERAL HARDWARE,690
GENERAL GROCERIES,690
BEVERAGES,690
TOBACCO,690
BOYS ACCESSORIES,691
BOYS 8-20 CLOTHING,691
CANDY,692
SEASONAL,693
AUTOMOTIVE,693
GENERAL HARDWARE,693
PET SUPPLIES,693
TOBACCO,693
MISSY KAREN SCOTT,694
CLASSIC COLLECTIONS,694
SLEEPWEAR/LOUNGEWEAR,694
STATIONERY SUNDRIES,694
HEALTH AIDS,694
BEAUTY CARE,694
SMALL ELECTRICS,694
HOUSEHOLD CLEANING,694
LAWN & GARDEN,694
WINE,694
MENS DRESS SHIRTS,695
MENS ACCESSORIES,695
TOBACCO,696
BOOKS AND MAPS,697
BEVERAGES,697
CANDY,697
PRESTIGE COSMETICS,698
PERSONAL CARE,699
SEASONAL,699
BEAUTY CARE,700
GEN SPORTING GOODS,700
HOUSEHOLD CLEANING,700
BATTERIES,700
AMERICAN GREETINGS,701
THIRD PARTY GIFTCARD,702
WOMENS FTWR:DRS/CAS,703
TOBACCO,704
PERIODICALS/COMICS,705
WINE,705
TOBACCO,705
MENS ACCESSORIES,706
PERSONAL CARE,706
CANDY,706
WATCHES,707
VIDEO GAMES,708
BEVERAGES,708
CHILDRENS FOOTWEAR,709
BABY CARE,710
BEAUTY CARE,710
PERSONAL CARE,710
TOBACCO,710
HOME/BATH,711
TOBACCO,712
SPORTS NUTRITION,713
iPAD,713
CANDY,713
LDS OUTERWEAR/OUTDR,714
TOBACCO,715
BATTERIES,716
PET SUPPLIES,717
BEVERAGES,717
HOSIERY,718
MASS COSMETICS,718
HOME ORG/SOLUTIONS,719
HANDBAGS,720
BOYS 8-20 CLOTHING,721
SUNGLASSES,721
AMERICAN GREETINGS,722
SEASONAL,722
CANDY,722
PERSONAL CARE,723
BATTERIES,723
SPIRITS,723
HOSIERY,724
SMALL ELECTRICS,724
GENERAL HOUSEWARES,724
MENS ACCESSORIES,725
MENS FURNISHINGS,726
GENERAL HOUSEWARES,726
HEALTH AIDS,727
BEAUTY CARE,727
BATTERIES,727
TOBACCO,727
STYLE & CO,728
SLEEPWEAR/LOUNGEWEAR,728
HOSIERY,728
SMALL ELECTRICS,728
HOUSEHOLD CLEANING,728
SPIRITS,728
TOBACCO,728
SUNGLASSES,729
BEVERAGES,729
PERSONAL CARE,730
SEASONAL,730
SEASONAL GIFTS,730
PET SUPPLIES,730
CANDY,730
MENS FURNISHINGS,731
INFANT APPAREL,731
JUVENILLE FURNITURE,731
TELECOMMUNICATIONS,732
SUNGLASSES,732
SUNGLASSES,733
MENS FURNISHINGS,734
PERSONAL CARE,734
HOUSEHOLD CLEANING,734
SPIRITS,735
MENS DRESS SHIRTS,736
JUNIOR TOPS,737
BEAUTY CARE,737
PERSONAL CARE,737
HOUSEHOLD CLEANING,737
BEVERAGES,737
WINE,737
BEER,737
PRE-RECORDED A/V,738
TELEVISION,739
SCHOOL/OFFIC SUPP,740
NETWORKING,740
TOBACCO,741
PERSONAL CARE,742
TOBACCO,742
SPORTS NUTRITION,743
AUDIO ELECTRONICS,743
GENERAL HOUSEWARES,743
PET SUPPLIES,743
CANDY,743
SMALL ELECTRICS,744
WOMENS FTWR:DRS/CAS,745
JUNIOR TOPS,746
SMALL ELECTRICS,746
TOBACCO,746
TOBACCO,747
HOUSEHOLD CLEANING,748
BEVERAGES,748
TOBACCO,748
MENS DRESS SHIRTS,749
HEALTH AIDS,749
INFANT APPAREL,750
AMERICAN GREETINGS,750
SEASONAL GIFTS,750
GENERAL HOUSEWARES,750
CANDY,750
SPIRITS,750
HEALTH AIDS,751
HOUSEHOLD CLEANING,751
BATTERIES,751
BEVERAGES,751
CANDY,751
TOBACCO,751
TELECOMMUNICATIONS,752
TOBACCO,752
CHILDRENS FOOTWEAR,753
YOUNG MENS,754
MENS ATHLETIC SHOES,754
HOSIERY,755
GENERAL GROCERIES,755
CANDY,755
BEER,755
SCHOOL/OFFIC SUPP,756
MODERATE DENIM,757
AMERICAN GREETINGS,758
BATH,759
BABY CARE,760
BEVERAGES,760
CANDY,760
SPIRITS,761
PEGABLES,762
GIRLS 4-6X CLOTHING,762
CHILDRENS FOOTWEAR,762
PERSONAL CARE,763
TOYS,763
TOBACCO,763
YOUNG MENS,764
BEAUTY CARE,764
SEASONAL,764
HEALTH AIDS,765
MENS ACTIVEWEAR,766
PRESTIGE COSMETICS,766
HEALTH AIDS,767
PERSONAL CARE,767
CANDY,767
STATIONERY SUNDRIES,768
HEALTH AIDS,768
PET SUPPLIES,768
BEVERAGES,768
CANDY,768
WINE,768
BEAUTY CARE,769
FLORAL RETAIL,770
PEGABLES,770
SCHOOL/OFFIC SUPP,770
STATIONERY SUNDRIES,770
AMERICAN GREETINGS,770
HEALTH AIDS,770
BABY CARE,770
BEAUTY CARE,770
SEASONAL,770
HOUSEHOLD CLEANING,770
BEVERAGES,771
WAREHOUSED EXPENSES,772
MENS FURNISHINGS,772
BEVERAGES,772
BEVERAGES,773
MENS ACCESSORIES,774
BABY CARE,774
BEAUTY CARE,774
PERSONAL CARE,774
PEGABLES,775
FASHION ACCESSORIES,776
AMERICAN GREETINGS,776
PERIODICALS/COMICS,776
MASS COSMETICS,776
HEALTH AIDS,776
BEAUTY CARE,776
GENERAL GROCERIES,776
BEVERAGES,776
PERISHABLES,776
CANDY,776
CANDY,777
MENS ACCESSORIES,778
CANDY,778
MASS COSMETICS,779
HEALTH AIDS,779
PERSONAL CARE,779
CANDY,779
WINE,779
LADIES ACTIVEWEAR,780
NEWBORN APPAREL,780
SCHOOL/OFFIC SUPP,781
HEALTH AIDS,781
GLUES/TAPES/ACC,781
NEWBORN APPAREL,782
GIRLS ACCESSORIES,782
CANDY,783
TOBACCO,783
TOBACCO,784
BABY CARE,785
GEN SPORTING GOODS,785
GENERAL GROCERIES,785
BEVERAGES,785
CANDY,785
TOBACCO,785
BEVERAGES,786
SOUVENIR,787
SCHOOL/OFFIC SUPP,788
GLUES/TAPES/ACC,788
CANDY,789
NEWBORN APPAREL,790
BABY CARE,790
TOBACCO,791
CHILDRENS FOOTWEAR,792
TRAD COLLECTIONS,793
CANDY,794
SPIRITS,794
WINE,794
TOBACCO,794
PRESTIGE COSMETICS,795
AUDIO ELECTRONICS,796
BEVERAGES,797
TOBACCO,797
GENERAL GROCERIES,798
BEVERAGES,798
PETITE SEPARATES,799
DENIM COLLECTIONS,799
STATIONERY SUNDRIES,799
AMERICAN GREETINGS,799
CANDY,799
WINE,799
PRESTIGE COSMETICS,800
FASHION ACCESSORIES,801
SPIRITS,801
MISSY TOPS,802
MISSY BOTTOMS,802
WOMENS SEPARATES,802
TOBACCO,803
HANDBAGS,804
BABY CARE,804
MISSY TOPS,805
MENS OUTDOOR,805
TOYS,805
CANDY,806
TOBACCO,806
BARBER RETAIL,807
MENS ACCESSORIES,807
TELEVISION,807
GENERAL GROCERIES,808
CANDY,808
TOBACCO,808
AMERICAN GREETINGS,809
PRESTIGE COSMETICS,809
TOBACCO,810
JUNIORS SURF,811
JUNIOR TOPS,811
HEALTH AIDS,811
PERSONAL CARE,811
GENERAL GROCERIES,811
CANDY,811
SUNGLASSES,812
SCHOOL/OFFIC SUPP,813
LDS OUTERWEAR/OUTDR,814
AUTOMOTIVE,814
BEVERAGES,815
NAVY PRIDE SOFTLINES,816
SUNGLASSES,816
WMNS PRESTIGE FRAG,817
MENS PRESTIGE FRAG,817
TRAD COLLECTIONS,818
CANDY,819
MENS SPORT SHIRTS,820
BATH,820
NAVY PRIDE SOFTLINES,821
BRIDGE JEWELRY,821
DIGITAL FITNESS,821
SPIRITS,821
TOBACCO,821
TOBACCO,822
TOBACCO,823
WMNS PRESTIGE FRAG,824
BEVERAGES,825
FASHION ACCESSORIES,826
MENS DRESS SHIRTS,827
TODDLER GIRL APPAREL,827
LDS OUTERWEAR/OUTDR,828
HANDBAGS,828
PRESTIGE COSMETICS,828
GENERAL HOUSEWARES,829
TABLE TOP & KITCHEN,829
CANDY,829
FASHION ACCESSORIES,830
TOBACCO,830
SCHOOL/OFFIC SUPP,831
CANDY,831
TOBACCO,832
HEALTH AIDS,833
SEASONAL,833
HOUSEHOLD CLEANING,833
VITAMINS & HLTH AIDS,834
FITNESS/EXERCISE,834
HOUSEHOLD CLEANING,834
PC HDWR & OFFICE EQP,835
JUNIOR TOPS,836
SOUVENIR,837
TODDLER GIRL APPAREL,837
HOME/BATH,837
TOYS,837
SMALL ELECTRICS,837
TABLETOP,837
GENERAL HOUSEWARES,837
TOBACCO,838
HOME/BATH,839
THIRD PARTY GIFTCARD,839
MASS COSMETICS,840
HEALTH AIDS,840
CANDY,841
BEAUTY CARE,842
PERSONAL CARE,842
BEVERAGES,842
HOSIERY,843
MENS FURNISHINGS,843
BEAUTY CARE,844
PERSONAL CARE,844
HEALTH AIDS,845
PERSONAL CARE,845
BEVERAGES,845
SPIRITS,845
BEVERAGES,846
HEALTH AIDS,847
PC HDWR & OFFICE EQP,847
PET SUPPLIES,847
WINE,847
GIRLS ACCESSORIES,848
TOBACCO,848
TELEVISION,849
DAYWEAR,850
HOSIERY,850
WMNS PRESTIGE FRAG,850
HOME/BATH,850
SEASONAL GIFTS,850
JUNIOR DRESSES,851
SPIRITS,852
TOBACCO,852
SEASONAL GIFTS,853
BEER,853
TOBACCO,853
GENERAL HARDWARE,854
BEVERAGES,854
CANDY,854
PC PERIPH/OFFICE ACC,855
MENS SHOES,856
CHILDRENS FOOTWEAR,856
BOYS ACCESSORIES,857
BOYS 8-20 CLOTHING,857
SLEEPWEAR/LOUNGEWEAR,858
MENS OUTDOOR,859
TRAD COLLECTIONS,859
NEWBORN APPAREL,859
BOYS 4-7 CLOTHING,859
SCHOOL/OFFIC SUPP,859
COSTUME JEWELRY,859
GENERAL HOUSEWARES,859
TOBACCO,860
GENERAL GROCERIES,861
BEVERAGES,861
TOBACCO,861
GENERAL HARDWARE,862
TABLE TOP & KITCHEN,862
BEAUTY RETAIL,863
HOSIERY,863
MENS ACCESSORIES,863
WATCHES,864
GLUES/TAPES/ACC,864
BEVERAGES,864
CANDY,864
TOBACCO,864
TOBACCO,865
DAYWEAR,866
WOMENS FTWR:DRS/CAS,866
SUNGLASSES,866
BRIDGE JEWELRY,867
MASS COSMETICS,867
PRESTIGE COSMETICS,867
BEAUTY CARE,867
HOUSEHOLD CLEANING,868
PC HDWR & OFFICE EQP,868
NETWORKING,868
BEVERAGES,868
MENS ACTIVEWEAR,869
BABY CARE,869
SEASONAL,869
AUDIO ELECTRONICS,869
BEDDING,869
SUNGLASSES,870
LIFE STYLE DENIM,871
SOUVENIR,872
AMERICAN GREETINGS,872
INFANT APPAREL,873
HEALTH AIDS,873
PRESTIGE COSMETICS,874
VIDEO GAMES,875
LADIES DRESSES,876
FASHION ACCESSORIES,876
YOUNG MENS,877
SPORTS NUTRITION,878
HOUSEHOLD CLEANING,878
TOBACCO,878
MENS OUTDOOR,879
DIGITAL FITNESS,879
TOBACCO,880
MENS ACTIVEWEAR,881
CANDY,881
WINE,881
NAVY PRIDE HARDLINES,882
TELECOMMUNICATIONS,882
MISSY TOPS,883
HOSIERY,883
FASHION ACCESSORIES,883
TOBACCO,883
TOBACCO,884
MENS ACTIVEWEAR,885
GEN SPORTING GOODS,886
AS SEEN ON TV,886
NAVY PRIDE SOFTLINES,887
LDS OUTERWEAR/OUTDR,888
MISSY KAREN SCOTT,888
HANDBAGS,888
PRESTIGE COSMETICS,888
MENS ACTIVEWEAR,889
HOME ORG/SOLUTIONS,889
MENS OUTDOOR,890
GENERAL GROCERIES,891
BIKES,892
HOUSEHOLD CLEANING,892
BEVERAGES,893
CANDY,893
MISSY KAREN SCOTT,894
INFANT APPAREL,894
TOYS,894
SEASONAL GIFTS,894
SPIRITS,894
MENS MODERN COLLECT,895
CHILDRENS FOOTWEAR,896
AMERICAN GREETINGS,896
BEAUTY CARE,896
SMALL ELECTRICS,897
HANDBAGS,898
SMALL ELECTRICS,899
GENERAL GROCERIES,899
JUNIOR BOTTOMS,900
DENIM COLLECTIONS,900
STYLE & CO,900
HOSIERY,900
WOMENS FTWR:DRS/CAS,900
COSTUME JEWELRY,900
SEASONAL,900
HOME DECOR,900
GENERAL HOUSEWARES,900
CANDY,900
SMALL ELECTRICS,901
GENERAL HOUSEWARES,901
TABLE TOP & KITCHEN,901
BEDDING,901
SMALL ELECTRICS,902
COOKWARE,902
CANDY,903
STATIONERY SUNDRIES,904
FITNESS/EXERCISE,904
TOYS,904
WINE,904
HEALTH AIDS,905
PERSONAL CARE,905
HOUSEHOLD CLEANING,905
JUVENILLE FURNITURE,906
NEWBORN APPAREL,907
INFANT APPAREL,907
AS SEEN ON TV,907
CANDY,907
SPIRITS,907
BEER,907
HOSIERY,908
GIRLS 4-6X CLOTHING,908
BOYS 4-7 CLOTHING,908
BOYS ACCESSORIES,908
BEAUTY CARE,909
BATH,909
SPIRITS,910
BABY CARE,911
BABY CARE,912
AMERICAN GREETINGS,913
PET SUPPLIES,913
WINE,913
FOUNDATIONS,914
NEWBORN APPAREL,914
TODDLER GIRL APPAREL,914
SEASONAL GIFTS,914
FLOOR CARE,914
SLEEPWEAR/LOUNGEWEAR,915
HOSIERY,915
HANDBAGS,915
NEWBORN APPAREL,915
TODDLER BOY APPAREL,915
GIRLS 4-6X CLOTHING,915
CANDY,915
PEGABLES,916
NEWBORN APPAREL,916
INFANT APPAREL,916
CANDY,916
WINE,916
MENS OUTDOOR,917
MENS ACTIVEWEAR,917
HOME/BATH,917
MENS ACCESSORIES,918
MENS FURNISHINGS,918
HEALTH AIDS,918
HEALTH AIDS,919
CANDY,920
HEALTH AIDS,921
HOUSEHOLD CLEANING,921
BATTERIES,921
WINE,921
AMERICAN GREETINGS,922
MASS COSMETICS,922
TABLE TOP & KITCHEN,922
CANDY,922
MENS SHOES,923
BEVERAGES,923
MENS ACTIVEWEAR,924
MENS SHOES,924
HEALTH AIDS,924
HOUSEHOLD CLEANING,924
GENERAL GROCERIES,924
CANDY,924
SHAPEWEAR,925
BEVERAGES,926
AMERICAN GREETINGS,927
WMNS PRESTIGE FRAG,927
PERSONAL CARE,928
CHILDRENS FOOTWEAR,929
UNSCANNED ITEMS,929
MENS ACTIVEWEAR,930
SMALL ELECTRICS,930
SOUVENIR,931
MENS FURNISHINGS,931
AMERICAN GREETINGS,931
MASS COSMETICS,931
HEALTH AIDS,931
LAWN & GARDEN,931
CANDY,931
NAVY PRIDE HARDLINES,932
CANDY,932
HOME DECOR,933
SOUVENIR,934
HEALTH AIDS,934
BEAUTY CARE,934
HOUSEHOLD CLEANING,934
UNSCANNED ITEMS,934
YOUNG MENS,935
HOUSEHOLD CLEANING,935
PERISHABLES,935
CANDY,935
SPIRITS,935
PRESTIGE COSMETICS,936
BEAUTY CARE,936
PERSONAL CARE,937
HANDBAGS,938
WINE,939
MENS OUTERWEAR,940
PERSONAL CARE,941
HOUSEHOLD CLEANING,941
BEVERAGES,941
SPIRITS,941
BEER,941
BOYS ACCESSORIES,942
HOME DECOR,942
HOUSEHOLD CLEANING,942
AS SEEN ON TV,942
SLEEPWEAR/LOUNGEWEAR,943
VIDEO GAMES,944
BATH,945
GIRLS 7-16 CLOTHING,946
BOYS ACCESSORIES,946
AMERICAN GREETINGS,946
BEAUTY CARE,946
PERSONAL CARE,946
THIRD PARTY GIFTCARD,946
TODDLER GIRL APPAREL,947
BABY CARE,947
HOUSEHOLD CLEANING,947
PET SUPPLIES,947
THIRD PARTY GIFTCARD,948
THIRD PARTY GIFTCARD,949
SEASONAL,950
CANDY,950
BEAUTY CARE,951
HOUSEHOLD CLEANING,951
PET SUPPLIES,951
BEER,951
HEALTH AIDS,952
HOUSEHOLD CLEANING,953
LADIES ACTIVEWEAR,954
MASS COSMETICS,955
GENERAL GROCERIES,956
CANDY,956
AMERICAN GREETINGS,957
SEASONAL,957
LADIES ACTIVEWEAR,958
MENS ACTIVEWEAR,958
SEASONAL,958
HOUSEHOLD CLEANING,958
BATTERIES,958
CANDY,958
JUNIOR TOPS,959
JUNIOR BOTTOMS,959
MENS ACCESSORIES,959
MENS FURNISHINGS,959
CANDY,959
AMERICAN GREETINGS,960
SEASONAL,960
SEASONAL GIFTS,960
TOBACCO,960
STYLE & CO,961
DAYWEAR,961
HOSIERY,961
FOUNDATIONS,962
MENS ACCESSORIES,963
HOSIERY,964
YOUNG MENS,965
MASS COSMETICS,965
HOME/BATH,965
BEAUTY CARE,965
HOUSEHOLD CLEANING,965
GENERAL GROCERIES,965
SPIRITS,965
GENERAL HOUSEWARES,966
CANDY,966
HEALTH AIDS,967
BEAUTY CARE,967
PERSONAL CARE,967
GENERAL GROCERIES,967
BEVERAGES,967
BEAUTY CARE,968
FITNESS/EXERCISE,968
SMALL ELECTRICS,969
HEALTH AIDS,970
SMART HOME,970
BEVERAGES,970
AMERICAN GREETINGS,971
CAMERAS & EQUIP,972
AUDIO ELECTRONICS,972
FITNESS/EXERCISE,973
TOBACCO,973
BEAUTY CARE,974
BEVERAGES,974
TOBACCO,974
AMERICAN GREETINGS,975
TOYS,975
CANDY,975
HOUSEHOLD CLEANING,976
BEVERAGES,976
GENERAL HOUSEWARES,977
MENS FURNISHINGS,978
YOUNG MENS,978
SCHOOL/OFFIC SUPP,979
LUGGAGE,979
SCHOOL/OFFIC SUPP,980
BOOKS AND MAPS,981
TOYS,981
SPIRITS,981
GENERAL GROCERIES,982
SPIRITS,983
MENS FURNISHINGS,984
HEALTH AIDS,985
BEAUTY CARE,985
HOUSEHOLD CLEANING,985
BEVERAGES,985
CANDY,985
AMERICAN GREETINGS,986
SEASONAL,986
BATTERIES,986
CANDY,986
HANDBAGS,987
LIFE STYLE DENIM,987
MASS COSMETICS,987
HEALTH AIDS,987
BEAUTY CARE,987
TOYS,987
HOUSEHOLD CLEANING,987
GENERAL HOUSEWARES,987
TABLE TOP & KITCHEN,987
BATH,987
CANDY,987
JUNIOR TOPS,988
FASHION ACCESSORIES,988
YOUNG MENS,988
PEGABLES,989
NEWBORN APPAREL,989
PRESTIGE COSMETICS,990
PERSONAL CARE,991
BEAUTY CARE,992
SEASONAL GIFTS,992
GENERAL HOUSEWARES,992
MENS ATHLETIC SHOES,993
CANDY,994
SPIRITS,994
WINE,994
SCHOOL/OFFIC SUPP,995
TEAM SPORTING GOODS,996
GENERAL HARDWARE,996
BEVERAGES,997
TOBACCO,997
MENS OUTDOOR,998
WMNS PRESTIGE FRAG,998
PRESTIGE COSMETICS,998
CANDY,998
MENS CASUAL SLACKS,999
MENS ACTIVEWEAR,999
MISSY KAREN SCOTT,1000
HANDBAGS,1000
SPORTS NUTRITION,1001
BEVERAGES,1001
PERISHABLES,1001
MISSY KAREN SCOTT,1002
PETITE SEPARATES,1002
LADIES ACTIVEWEAR,1002
MENS FURNISHINGS,1002
AMERICAN GREETINGS,1002
PRESTIGE COSMETICS,1002
MISSY BOTTOMS,1003
LUGGAGE,1004
PRESTIGE COSMETICS,1005
BEAUTY CARE,1005
CANDY,1005
MASS COSMETICS,1006
HEALTH AIDS,1006
BEAUTY CARE,1006
PERSONAL CARE,1006
SCHOOL/OFFIC SUPP,1007
LDS OUTERWEAR/OUTDR,1008
CAMERAS & EQUIP,1009
DIGITAL FITNESS,1009
SPIRITS,1009
TODDLER BOY APPAREL,1010
BOYS ACCESSORIES,1010
TOYS,1010
SPIRITS,1010
PERSONAL CARE,1011
VITAMINS & HLTH AIDS,1011
GENERAL GROCERIES,1011
VITAMINS & HLTH AIDS,1012
HOUSEHOLD CLEANING,1012
SCHOOL/OFFIC SUPP,1013
GENERAL HOUSEWARES,1013
TABLE TOP & KITCHEN,1013
TABLETOP,1014
GENERAL HOUSEWARES,1014
BATH,1014
SOUVENIR,1015
NAVY PRIDE HARDLINES,1015
AMERICAN GREETINGS,1015
BEVERAGES,1016
BEAUTY RETAIL,1017
MENS DRESS SHIRTS,1017
HEALTH AIDS,1017
WAREHOUSED EXPENSES,1018
GIRLS 4-6X CLOTHING,1018
GIRLS ACCESSORIES,1018
SCHOOL/OFFIC SUPP,1018
SEASONAL,1018
THIRD PARTY GIFTCARD,1018
JUNIOR TOPS,1019
MISSY TOPS,1019
SOUVENIR,1020
JUNIOR TOPS,1020
PERISHABLES,1021
BEVERAGES,1022
TOYS,1023
SEASONAL,1023
THIRD PARTY GIFTCARD,1023
BEVERAGES,1023
YOUNG MENS,1024
SCHOOL/OFFIC SUPP,1024
SMALL ELECTRICS,1025
MASS COSMETICS,1026
BEAUTY CARE,1026
PERSONAL CARE,1026
PC PERIPH/OFFICE ACC,1027
MISSY TOPS,1028
MISSY BOTTOMS,1028
HANDBAGS,1028
MENS FURNISHINGS,1029
YOUNG MENS,1029
WMNS PRESTIGE FRAG,1029
PRESTIGE COSMETICS,1029
MENS PRESTIGE FRAG,1029
HOME DECOR,1030
BEER,1030
COSTUME JEWELRY,1031
CANDY,1031
CANDY,1032
SPIRITS,1032
WINE,1032
BEER,1032
SPIRITS,1033
MENS FURNISHINGS,1034
AMERICAN GREETINGS,1034
AS SEEN ON TV,1034
CANDY,1034
CANDY,1035
AS SEEN ON TV,1036
HEALTH AIDS,1037
GENERAL GROCERIES,1037
CANDY,1037
BABY CARE,1038
BEVERAGES,1038
CANDY,1038
MENS DENIM JEANS,1039
MENS ATHLETIC SHOES,1039
CANDY,1039
HEALTH AIDS,1040
GENERAL GROCERIES,1040
BEVERAGES,1040
CANDY,1040
BEVERAGES,1041
MENS ACCESSORIES,1042
SUNGLASSES,1043
HOUSEHOLD CLEANING,1043
SLEEPWEAR/LOUNGEWEAR,1044
HOSIERY,1044
CHILDRENS FOOTWEAR,1044
MENS ATHLETIC SHOES,1045
DAYWEAR,1046
WOMENS FTWR:DRS/CAS,1046
HOME DECOR,1046
VIDEO GAMES,1046
MENS SHOES,1047
HEALTH AIDS,1047
VALUE ZONE,1047
PERSONAL CARE,1047
FASHION ACCESSORIES,1048
SCHOOL/OFFIC SUPP,1048
HOUSEHOLD CLEANING,1048
CANDY,1048
MENS ACTIVEWEAR,1049
HOUSEHOLD CLEANING,1050
BEVERAGES,1050
CANDY,1050
HOME/BATH,1051
SPORTS NUTRITION,1051
BEVERAGES,1051
TODDLER GIRL APPAREL,1052
GIRLS ACCESSORIES,1052
MENS ACTIVEWEAR,1053
MENS ACTIVEWEAR,1054
SCHOOL/OFFIC SUPP,1055
MENS MODERN COLLECT,1056
MENS ACCESSORIES,1056
HEALTH AIDS,1057
PERSONAL CARE,1057
SPORTS NUTRITION,1057
GIRLS 7-16 CLOTHING,1058
CANDY,1058
SPIRITS,1058
MASS COSMETICS,1059
BABY CARE,1059
SPIRITS,1059
HEALTH AIDS,1060
PERSONAL CARE,1060
BEVERAGES,1060
WOMENS ATHLTIC SHOES,1061
PRESTIGE COSMETICS,1062
MENS DRESS SHIRTS,1063
TOYS,1063
OUTDOOR LIVING,1063
SMALL ELECTRICS,1064
AS SEEN ON TV,1064
BEVERAGES,1064
BEER,1065
BEVERAGES,1066
MASS COSMETICS,1067
AUTOMOTIVE,1067
OUTDOOR LIVING,1067
STATIONERY SUNDRIES,1068
AMERICAN GREETINGS,1068
WINE,1068
GENERAL GROCERIES,1069
HOSIERY,1070
HEALTH AIDS,1071
BABY CARE,1071
PERSONAL CARE,1071
GENERAL HARDWARE,1071
CANDY,1071
BEVERAGES,1072
CANDY,1072
PERSONAL CARE,1073
MENS ACTIVEWEAR,1074
HEALTH AIDS,1075
PERSONAL CARE,1075
TOYS,1075
CANDY,1075
AS SEEN ON TV,1076
LADIES ACTIVEWEAR,1077
CANDY,1077
MENS DENIM JEANS,1078
MENS ACTIVEWEAR,1078
BEAUTY CARE,1078
PERSONAL CARE,1078
HOUSEHOLD CLEANING,1078
SEASONAL GIFTS,1079
MENS ACCESSORIES,1080
TRAD COLLECTIONS,1080
MENS SHOES,1080
PEGABLES,1080
NAVY PRIDE HARDLINES,1080
BEVERAGES,1080
AMERICAN GREETINGS,1081
MASS COSMETICS,1081
PERSONAL CARE,1081
VITAMINS & HLTH AIDS,1081
TOYS,1081
GENERAL HARDWARE,1081
PET SUPPLIES,1081
CANDY,1081
WINE,1081
AUTOMOTIVE,1082
MENS FURNISHINGS,1083
HEALTH AIDS,1083
MENS ACTIVEWEAR,1084
HEALTH AIDS,1084
HOUSEHOLD CLEANING,1084
SPIRITS,1084
WINE,1084
TOBACCO,1084
MENS ACTIVEWEAR,1085
HOME/BATH,1085
HEALTH AIDS,1086
PET SUPPLIES,1086
LAWN & GARDEN,1086
GENERAL GROCERIES,1087
BEVERAGES,1087
CANDY,1087
GENERAL GROCERIES,1088
BEVERAGES,1088
CANDY,1088
BEVERAGES,1089
SPORTS NUTRITION,1090
PET SUPPLIES,1090
MENS MODERN COLLECT,1091
BOYS 8-20 CLOTHING,1091
TOBACCO,1092
TODDLER GIRL APPAREL,1093
MODERATE DENIM,1094
TRAD COLLECTIONS,1094
SUNGLASSES,1095
BEAUTY CARE,1096
PC HDWR & OFFICE EQP,1097
CANDY,1097
CANDY,1098
BEAUTY CARE,1099
MENS SHOES,1100
HEALTH AIDS,1100
PERSONAL CARE,1100
GEN SPORTING GOODS,1100
OUTDOOR LIVING,1100
BATTERIES,1100
BEVERAGES,1100
HOME/BATH,1101
HOUSEHOLD CLEANING,1101
MENS DENIM JEANS,1102
PET SUPPLIES,1102
BEVERAGES,1102
CANDY,1102
SEASONAL GIFTS,1103
GENERAL HOUSEWARES,1103
CANDY,1103
SPIRITS,1103
BEVERAGES,1104
BEVERAGES,1105
SCHOOL/OFFIC SUPP,1106
BIKES,1106
GENERAL HOUSEWARES,1106
PC PERIPH/OFFICE ACC,1106
HEALTH AIDS,1107
BEAUTY CARE,1107
BEVERAGES,1107
FASHION ACCESSORIES,1108
TOYS,1109
CANDY,1109
SCHOOL/OFFIC SUPP,1110
MENS FURNISHINGS,1111
AMERICAN GREETINGS,1111
HEALTH AIDS,1111
PERSONAL CARE,1111
GENERAL HARDWARE,1111
SPIRITS,1111
WOMENS ATHLTIC SHOES,1112
MENS ACTIVEWEAR,1112
PRESTIGE COSMETICS,1112
HEALTH AIDS,1112
BEAUTY CARE,1112
VITAMINS & HLTH AIDS,1112
LUGGAGE,1112
LOCAL GIFTS/FOODS,1113
HEALTH AIDS,1114
PERSONAL CARE,1114
HEALTH AIDS,1115
SPIRITS,1115
PET SUPPLIES,1116
CANDY,1116
HEALTH AIDS,1117
HOUSEHOLD CLEANING,1117
LADIES ACTIVEWEAR,1118
PERSONAL CARE,1118
CANDY,1118
BEAUTY RETAIL,1119
MISSY KAREN SCOTT,1119
MENS SPORT SHIRTS,1119
MENS ATHLETIC SHOES,1119
WATCHES,1119
CANDY,1119
MENS PRESTIGE FRAG,1120
CANDY,1121
SPIRITS,1122
MENS PRESTIGE FRAG,1123
GENERAL HOUSEWARES,1124
HOME/BATH,1125
SUNGLASSES,1126
LADIES ACTIVEWEAR,1127
TELECOMMUNICATIONS,1128
GEN SPORTING GOODS,1128
MENS FURNISHINGS,1129
SMALL ELECTRICS,1129
HOME ORG/SOLUTIONS,1129
HEALTH AIDS,1130
PRESTIGE COSMETICS,1131
WATCHES,1132
GENERAL HOUSEWARES,1132
WOMENS ATHLTIC SHOES,1133
UNSCANNED ITEMS,1133
FISHING,1134
GEN SPORTING GOODS,1134
BEVERAGES,1134
CANDY,1134
SPIRITS,1134
MENS OUTDOOR,1135
HEALTH AIDS,1136
PET SUPPLIES,1136
WOMENS ATHLTIC SHOES,1137
MENS ATHLETIC SHOES,1137
CANDY,1138
HANDBAGS,1139
WATCHES,1139
MASS COSMETICS,1139
PRESTIGE COSMETICS,1139
HOME/BATH,1139
HEALTH AIDS,1139
BEAUTY CARE,1139
SEASONAL,1139
HOUSEHOLD CLEANING,1139
CANDY,1140
MISSY KAREN SCOTT,1141
LIFE IS GOOD,1141
PETITE SEPARATES,1141
SLEEPWEAR/LOUNGEWEAR,1141
MENS OUTDOOR,1141
MENS ACTIVEWEAR,1141
MASS COSMETICS,1141
BEAUTY CARE,1141
PERSONAL CARE,1141
HOUSEHOLD CLEANING,1141
MENS FURNISHINGS,1142
MENS ACTIVEWEAR,1142
SPIRITS,1143
TOYS,1144
BEVERAGES,1144
AMERICAN GREETINGS,1145
PERSONAL CARE,1146
TOYS,1146
LAWN & GARDEN,1146
DAYWEAR,1147
SMALL ELECTRICS,1147
TABLETOP,1147
HEALTH AIDS,1148
HOUSEHOLD CLEANING,1148
BEVERAGES,1149
SPIRITS,1149
MENS FURNISHINGS,1150
NAVY PRIDE HARDLINES,1150
HOUSEHOLD CLEANING,1150
PET SUPPLIES,1150
BEVERAGES,1150
CANDY,1150
HEALTH AIDS,1151
GENERAL GROCERIES,1151
PEGABLES,1152
NEWBORN APPAREL,1152
HEALTH AIDS,1152
BABY CARE,1152
PERSONAL CARE,1152
HOUSEHOLD CLEANING,1152
GENERAL HARDWARE,1152
TABLE TOP & KITCHEN,1152
BEVERAGES,1152
CANDY,1152
BEER,1152
MISSY KAREN SCOTT,1153
JUNIOR TOPS,1153
MENS MODERN COLLECT,1153
TRAD COLLECTIONS,1153
CANDY,1153
MENS FURNISHINGS,1154
GENERAL HOUSEWARES,1154
BEVERAGES,1155
MENS CASUAL SLACKS,1156
MENS DENIM JEANS,1156
PERSONAL CARE,1156
GENERAL GROCERIES,1156
PERISHABLES,1156
CANDY,1156
WINE,1156
MASS COSMETICS,1157
HEALTH AIDS,1157
BEAUTY CARE,1157
PERSONAL CARE,1157
BATH,1157
TODDLER GIRL APPAREL,1158
GIRLS 7-16 CLOTHING,1158
GIRLS ACCESSORIES,1158
CANDY,1158
CANDY,1159
MENS FURNISHINGS,1160
AMERICAN GREETINGS,1161
PERIODICALS/COMICS,1161
BOOKS AND MAPS,1161
SUNGLASSES,1161
PRESTIGE COSMETICS,1161
CANDY,1161
SPIRITS,1161
WINE,1161
GENERAL GROCERIES,1162
BEVERAGES,1162
CANDY,1162
LADIES MODERN COLLEC,1163
HOSIERY,1163
HANDBAGS,1163
WOMENS FTWR:DRS/CAS,1163
AMERICAN GREETINGS,1163
BEDDING,1163
TELECOMMUNICATIONS,1164
SEASONAL,1164
SOUVENIR,1165
THIRD PARTY GIFTCARD,1165
VIDEO GAMES,1165
CANDY,1165
BEAUTY RETAIL,1166
MODERATE DENIM,1166
VITAMINS & HLTH AIDS,1166
HEALTH AIDS,1167
VITAMINS & HLTH AIDS,1167
PET SUPPLIES,1167
MENS OUTDOOR,1168
MASS FRAGRANCES,1169
HOME/BATH,1169
PERSONAL CARE,1169
DAYWEAR,1170
MENS ACTIVEWEAR,1170
SCHOOL/OFFIC SUPP,1170
BEAUTY CARE,1170
PC PERIPH/OFFICE ACC,1170
CANDY,1171
GIRLS 4-6X CLOTHING,1172
GIRLS 7-16 CLOTHING,1172
HEALTH AIDS,1173
BEAUTY CARE,1173
PERSONAL CARE,1173
TOYS,1173
BATTERIES,1173
NAVY PRIDE SOFTLINES,1174
GEMSTONES,1175
HEALTH AIDS,1175
BEAUTY CARE,1175
GENERAL HOUSEWARES,1175
BEVERAGES,1175
TOYS,1176
SCHOOL/OFFIC SUPP,1177
TOYS,1177
BEVERAGES,1177
CANDY,1177
BEVERAGES,1178
GEN SPORTING GOODS,1179
JUNIOR TOPS,1180
MENS ACCESSORIES,1180
HEALTH AIDS,1181
PC HDWR & OFFICE EQP,1181
LIFE STYLE DENIM,1182
MENS SPORT SHIRTS,1182
YOUNG MENS,1182
MENS ACTIVEWEAR,1182
SPIRITS,1182
WINE,1182
BEER,1182
SCHOOL/OFFIC SUPP,1183
AMERICAN GREETINGS,1184
WINE,1184
BEER,1184
TOYS,1185
LDS OUTERWEAR/OUTDR,1186
JUNIORS SURF,1186
MENS FURNISHINGS,1186
MENS ACTIVEWEAR,1186
MENS ATHLETIC SHOES,1186
CANDY,1187
MENS FURNISHINGS,1188
MENS ACTIVEWEAR,1188
FITNESS/EXERCISE,1188
HOUSEHOLD CLEANING,1188
MENS FURNISHINGS,1189
PERSONAL CARE,1189
CANDY,1189
FITNESS/EXERCISE,1190
MENS ACTIVEWEAR,1191
MENS FURNISHINGS,1192
PERSONAL CARE,1193
HOUSEHOLD CLEANING,1193
AS SEEN ON TV,1193
PC PERIPH/OFFICE ACC,1193
BEVERAGES,1193
BATH,1194
BEAUTY CARE,1195
HOUSEHOLD CLEANING,1195
GENERAL GROCERIES,1195
CANDY,1195
MNS TAILORED CLOTHNG,1196
MENS CASUAL SLACKS,1196
MENS SPORT SHIRTS,1196
SMALL ELECTRICS,1197
FASHION ACCESSORIES,1198
AMERICAN GREETINGS,1198
BOOKS AND MAPS,1198
TABLETOP,1199
LIFE STYLE DENIM,1200
YOUNG MENS,1200
HOME/BATH,1201
VIDEO GAMES,1201
BEAUTY CARE,1202
GEN SPORTING GOODS,1202
HEALTH AIDS,1203
PET SUPPLIES,1204
CANDY,1204
SCHOOL/OFFIC SUPP,1205
HEALTH AIDS,1205
BABY CARE,1205
PERSONAL CARE,1205
HOUSEHOLD CLEANING,1205
GENERAL GROCERIES,1205
BEVERAGES,1205
CANDY,1205
NAVY PRIDE HARDLINES,1206
CANDY,1207
LDS OUTERWEAR/OUTDR,1208
BEVERAGES,1208
HOME DECOR,1209
HOSIERY,1210
COSTUME JEWELRY,1210
HEALTH AIDS,1211
PERSONAL CARE,1211
HEALTH AIDS,1212
PERSONAL CARE,1212
HOUSEHOLD CLEANING,1212
BEVERAGES,1212
CANDY,1212
BEER,1212
BOYS ACCESSORIES,1213
CHILDRENS FOOTWEAR,1213
SPIRITS,1213
PC PERIPH/OFFICE ACC,1214
MENS SHOES,1215
BEAUTY CARE,1215
BEER,1215
BEAUTY RETAIL,1216
PRESTIGE COSMETICS,1216
BEAUTY CARE,1216
PRESTIGE COSMETICS,1217
LAWN & GARDEN,1217
CANDY,1217
BEER,1218
AMERICAN GREETINGS,1219
HEALTH AIDS,1219
SOUVENIR,1220
MENS SHOES,1220
TELECOMMUNICATIONS,1220
MASS COSMETICS,1220
MISSY TOPS,1221
MISSY BOTTOMS,1221
SEASONAL,1221
BEVERAGES,1221
UNSCANNED ITEMS,1221
AMERICAN GREETINGS,1222
HEALTH AIDS,1223
HOUSEHOLD CLEANING,1223
BEVERAGES,1224
AMERICAN GREETINGS,1225
HEALTH AIDS,1225
SPIRITS,1225
WINE,1225
TRAD COLLECTIONS,1226
PET SUPPLIES,1227
GENERAL GROCERIES,1228
BEVERAGES,1228
HOSIERY,1229
THIRD PARTY GIFTCARD,1230
LDS OUTERWEAR/OUTDR,1231
MENS OUTDOOR,1232
HEALTH AIDS,1232
BABY CARE,1232
BEVERAGES,1232
MENS ACTIVEWEAR,1233
HANDBAGS,1234
AS SEEN ON TV,1234
BEDDING,1234
AMERICAN GREETINGS,1235
HOUSEHOLD CLEANING,1235
GENERAL GROCERIES,1236
BEVERAGES,1236
CANDY,1236
SMALL ELECTRICS,1237
MENS ACTIVEWEAR,1238
SCHOOL/OFFIC SUPP,1238
WATCHES,1238
HOUSEHOLD CLEANING,1238
CANDY,1238
WINE,1238
FLORAL RETAIL,1239
STYLE & CO,1239
SLEEPWEAR/LOUNGEWEAR,1239
FASHION ACCESSORIES,1239
HEALTH AIDS,1239
BEAUTY CARE,1239
SEASONAL,1239
OUTDOOR LIVING,1239
PET SUPPLIES,1239
LAWN & GARDEN,1239
CANDY,1239
BEER,1240
PETITE SEPARATES,1241
CANDY,1241
CANDY,1242
YOUNG MENS,1243
CANDY,1243
HEALTH AIDS,1244
PERSONAL CARE,1244
GEN SPORTING GOODS,1244
BEER,1245
TEAM SPORTING GOODS,1246
BEVERAGES,1246
MENS FURNISHINGS,1247
HEALTH AIDS,1247
LOCAL GIFTS/FOODS,1248
SCHOOL/OFFIC SUPP,1248
AMERICAN GREETINGS,1248
HEALTH AIDS,1248
TOYS,1248
SEASONAL,1248
SMALL ELECTRICS,1248
HOUSEHOLD CLEANING,1248
PC HDWR & OFFICE EQP,1248
GENERAL GROCERIES,1248
CANDY,1248
AS SEEN ON TV,1249
MENS ACTIVEWEAR,1250
AMERICAN GREETINGS,1250
HEALTH AIDS,1251
BEAUTY RETAIL,1252
VALUE ZONE,1252
BEAUTY CARE,1252
SLEEPWEAR/LOUNGEWEAR,1253
CANDY,1254
HOUSEHOLD CLEANING,1255
HEALTH AIDS,1256
BEAUTY CARE,1256
PERSONAL CARE,1256
THIRD PARTY GIFTCARD,1256
HOUSEHOLD CLEANING,1256
MENS DENIM JEANS,1257
STATIONERY SUNDRIES,1258
MENS ACTIVEWEAR,1259
AMERICAN GREETINGS,1259
GENERAL GROCERIES,1259
BEVERAGES,1259
PERISHABLES,1259
CANDY,1259
HEALTH AIDS,1260
PERSONAL CARE,1260
VITAMINS & HLTH AIDS,1260
PET SUPPLIES,1260
BEVERAGES,1260
VALUE ZONE,1261
CANDY,1261
CANDY,1262
MASS COSMETICS,1263
BEAUTY CARE,1263
BEVERAGES,1263
CANDY,1263
MENS DENIM JEANS,1264
MENS FURNISHINGS,1264
TRAD COLLECTIONS,1265
TOYS,1265
BATTERIES,1265
PRESTIGE COSMETICS,1266
CANDY,1266
SLEEPWEAR/LOUNGEWEAR,1267
HOSIERY,1267
FITNESS/EXERCISE,1267
SEASONAL,1267
LAWN & GARDEN,1267
GENERAL GROCERIES,1267
CANDY,1267
AMERICAN GREETINGS,1268
BEAUTY CARE,1268
WINE,1268
JUNIOR TOPS,1269
AMERICAN GREETINGS,1269
MASS COSMETICS,1269
PRESTIGE COSMETICS,1269
BEAUTY CARE,1269
CANDY,1269
SPIRITS,1269
WINE,1269
MISSY TOPS,1270
WOMENS SEPARATES,1270
TEAM SPORTING GOODS,1271
SPIRITS,1271
GENERAL GROCERIES,1272
BEVERAGES,1272
CANDY,1272
MENS FURNISHINGS,1273
YOUNG MENS,1273
MENS ATHLETIC SHOES,1273
TODDLER GIRL APPAREL,1273
BOYS 8-20 CLOTHING,1273
SMALL ELECTRICS,1273
CANDY,1273
NAVY PRIDE HARDLINES,1274
PRESTIGE COSMETICS,1274
BEAUTY CARE,1274
TEAM SPORTING GOODS,1274
THIRD PARTY GIFTCARD,1274
HOUSEHOLD CLEANING,1275
WOMENS FTWR:DRS/CAS,1276
BABY CARE,1277
SCHOOL/OFFIC SUPP,1278
BEAUTY CARE,1278
PERSONAL CARE,1278
HOUSEHOLD CLEANING,1278
AS SEEN ON TV,1278
PET SUPPLIES,1278
SPIRITS,1278
TOBACCO,1278
MENS FURNISHINGS,1279
HEALTH AIDS,1279
HOUSEHOLD CLEANING,1279
PET SUPPLIES,1279
BEDDING,1279
SLEEPWEAR/LOUNGEWEAR,1280
HOSIERY,1280
SCHOOL/OFFIC SUPP,1280
HEALTH AIDS,1280
SPIRITS,1280
WINE,1280
PETITE SEPARATES,1281
PRESTIGE COSMETICS,1281
AMERICAN GREETINGS,1282
BEAUTY CARE,1282
BEVERAGES,1282
DAYWEAR,1283
SEASONAL GIFTS,1283
SMALL ELECTRICS,1283
MENS SPORT SHIRTS,1284
MENS OUTERWEAR,1285
MENS SPORT SHIRTS,1285
MENS ACCESSORIES,1285
TRAD COLLECTIONS,1285
AS SEEN ON TV,1285
WINE,1285
MENS FURNISHINGS,1286
YOUNG MENS,1286
MENS SHOES,1286
HEALTH AIDS,1286
CANDY,1286
WINE,1286
WAREHOUSED EXPENSES,1287
NAVY PRIDE SOFTLINES,1287
AMERICAN GREETINGS,1287
BABY CARE,1287
LDS OUTERWEAR/OUTDR,1288
LADIES ACTIVEWEAR,1288
PC HARDWARE,1288
BABY CARE,1289
BEAUTY CARE,1289
PERSONAL CARE,1289
PERSONAL CARE,1290
GEN SPORTING GOODS,1290
PET SUPPLIES,1291
BEVERAGES,1291
HEALTH AIDS,1292
BEAUTY CARE,1292
PERSONAL CARE,1292
CANDY,1292
AMERICAN GREETINGS,1293
BEAUTY CARE,1293
SPIRITS,1293
WINE,1293
LADIES DRESSES,1294
MASS COSMETICS,1294
PERSONAL CARE,1294
CANDY,1294
HEALTH AIDS,1295
FLORAL SERV/SUPPLIES,1296
NEWBORN APPAREL,1296
BABY CARE,1296
HOUSEHOLD CLEANING,1296
BEVERAGES,1297
BEER,1298
BEVERAGES,1299
TEAM SPORTING GOODS,1300
MENS FURNISHINGS,1301
BEER,1301
HEALTH AIDS,1302
BEAUTY CARE,1302
PERSONAL CARE,1302
THIRD PARTY GIFTCARD,1302
SUNGLASSES,1303
LDS OUTERWEAR/OUTDR,1304
COSTUME JEWELRY,1305
GENERAL GROCERIES,1305
MENS ACTIVEWEAR,1306
MNS TAILORED CLOTHNG,1307
TRAD COLLECTIONS,1307
AMERICAN GREETINGS,1307
MENS ACCESSORIES,1308
AMERICAN GREETINGS,1308
TOYS,1308
BATTERIES,1308
WINE,1308
BEVERAGES,1309
MENS FURNISHINGS,1310
PERIODICALS/COMICS,1311
HOME/BATH,1311
NAVY PRIDE HARDLINES,1312
GEN SPORTING GOODS,1312
BEVERAGES,1312
CANDY,1312
AMERICAN GREETINGS,1313
WMNS PRESTIGE FRAG,1313
PERSONAL CARE,1313
WINE,1313
BEAUTY CARE,1314
DIGITAL FITNESS,1314
CANDY,1314
BEVERAGES,1315
WATCHES,1316
PRESTIGE COSMETICS,1316
CANDY,1316
SPIRITS,1316
MENS FURNISHINGS,1317
HEALTH AIDS,1317
GEN SPORTING GOODS,1317
CANDY,1317
GENERAL HOUSEWARES,1318
PERISHABLES,1318
NAVY PRIDE HARDLINES,1319
JUNIOR TOPS,1320
SPIRITS,1320
WINE,1320
CANDY,1321
MENS DRESS SHIRTS,1322
PERSONAL CARE,1323
NAVY PRIDE SOFTLINES,1324
HEALTH AIDS,1325
PERSONAL CARE,1325
INFANT APPAREL,1326
BABY CARE,1326
YOUNG MENS,1327
HOUSEHOLD CLEANING,1327
HOME TEXTILES,1327
BEVERAGES,1328
LADIES ACTIVEWEAR,1329
INFANT APPAREL,1329
GIRLS 7-16 CLOTHING,1329
BOYS 4-7 CLOTHING,1329
MASS COSMETICS,1329
CANDY,1329
HOME ORG/SOLUTIONS,1330
BATH,1330
MENS ATHLETIC SHOES,1331
GENERAL HOUSEWARES,1331
BABY CARE,1332
PERSONAL CARE,1332
FLORAL SERV/SUPPLIES,1333
MENS ACTIVEWEAR,1334
AMERICAN GREETINGS,1335
MENS FURNISHINGS,1336
MENS ATHLETIC SHOES,1336
CANDY,1336
LDS OUTERWEAR/OUTDR,1337
CANDY,1338
GOLD,1339
WATCHES,1339
HEALTH AIDS,1339
BEAUTY CARE,1339
PERSONAL CARE,1339
HOUSEHOLD CLEANING,1339
CANDY,1339
WATCHES,1340
BEAUTY CARE,1340
HOUSEHOLD CLEANING,1340
WATCHES,1341
BEAUTY CARE,1341
CANDY,1341
MENS FURNISHINGS,1342
CANDY,1342
BEVERAGES,1343
MENS OUTDOOR,1344
GEN SPORTING GOODS,1344
TOYS,1344
FASHION ACCESSORIES,1345
LDS OUTERWEAR/OUTDR,1346
HANDBAGS,1346
MENS FURNISHINGS,1346
SCHOOL/OFFIC SUPP,1346
AMERICAN GREETINGS,1346
PAPYRUS,1346
HEALTH AIDS,1346
BEAUTY CARE,1346
VITAMINS & HLTH AIDS,1346
PRE-RECORDED A/V,1346
SMALL ELECTRICS,1346
HOUSEHOLD CLEANING,1346
TABLE TOP & KITCHEN,1346
CANDY,1346
TRAD COLLECTIONS,1347
BEAUTY CARE,1347
PERSONAL CARE,1347
SMALL ELECTRICS,1347
LAWN & GARDEN,1347
UNSCANNED ITEMS,1347
LADIES MODERN COLLEC,1348
HOSIERY,1348
GENERAL HOUSEWARES,1348
PERSONAL CARE,1349
SPORTS NUTRITION,1349
CANDY,1350
VITAMINS & HLTH AIDS,1351
MENS ACTIVEWEAR,1352
BEAUTY CARE,1352
CHILDRENS FOOTWEAR,1353
CHILDRENS FOOTWEAR,1354
JUNIOR TOPS,1355
BEAUTY RETAIL,1356
SPORTS NUTRITION,1356
PET SUPPLIES,1356
BEVERAGES,1356
SPIRITS,1357
BEAUTY RETAIL,1358
AMERICAN GREETINGS,1358
MASS COSMETICS,1358
PRESTIGE COSMETICS,1358
PERSONAL CARE,1358
HOUSEHOLD CLEANING,1358
LAWN & GARDEN,1358
GEN SPORTING GOODS,1359
BEDDING,1359
SPIRITS,1360
SCHOOL/OFFIC SUPP,1361
AMERICAN GREETINGS,1361
SPORTS NUTRITION,1361
SMALL ELECTRICS,1361
GENERAL GROCERIES,1361
CANDY,1361
BEDDING,1362
HEALTH AIDS,1363
BEAUTY CARE,1363
GENERAL HARDWARE,1364
MENS CASUAL SLACKS,1365
MENS ACTIVEWEAR,1366
BEVERAGES,1366
GENERAL GROCERIES,1367
BEVERAGES,1367
CANDY,1368
STATIONERY SUNDRIES,1369
SEASONAL,1369
GEN SPORTING GOODS,1370
BEVERAGES,1370
MENS ACTIVEWEAR,1371
INFANT APPAREL,1371
HEALTH AIDS,1371
PERSONAL CARE,1371
GEN SPORTING GOODS,1372
HOUSEHOLD CLEANING,1372
TOYS,1373
SEASONAL,1373
BEVERAGES,1374
CANDY,1374
HEALTH AIDS,1375
HOUSEHOLD CLEANING,1375
BEAUTY CARE,1376
CANDY,1376
BABY CARE,1377
LDS OUTERWEAR/OUTDR,1378
BEVERAGES,1379
MASS COSMETICS,1380
WMNS PRESTIGE FRAG,1380
PRESTIGE COSMETICS,1380
HOME/BATH,1380
GENERAL HOUSEWARES,1381
TABLE TOP & KITCHEN,1381
BEDDING,1381
CANDY,1381
LDS OUTERWEAR/OUTDR,1382
MISSY TOPS,1382
SLEEPWEAR/LOUNGEWEAR,1382
MENS SHOES,1382
SLEEPWEAR/LOUNGEWEAR,1383
SMALL ELECTRICS,1383
CANDY,1383
GENERAL GROCERIES,1384
BEVERAGES,1384
AMERICAN GREETINGS,1385
HOME DECOR,1386
SEASONAL GIFTS,1386
THIRD PARTY GIFTCARD,1386
BEER,1386
CAMERAS & EQUIP,1387
PEGABLES,1388
NEWBORN APPAREL,1388
INFANT APPAREL,1388
BABY CARE,1388
BEAUTY CARE,1388
PERSONAL CARE,1388
BEVERAGES,1388
MENS DENIM JEANS,1389
MISSY TOPS,1390
BEAUTY RETAIL,1391
STATIONERY SUNDRIES,1391
AMERICAN GREETINGS,1391
TELECOMMUNICATIONS,1391
BEAUTY CARE,1391
SPIRITS,1391
MASS COSMETICS,1392
HEALTH AIDS,1392
BEAUTY CARE,1392
PERSONAL CARE,1392
GENERAL HARDWARE,1392
BEVERAGES,1392
SCHOOL/OFFIC SUPP,1393
TABLETOP,1393
HOUSEHOLD CLEANING,1393
LOCAL GIFTS/FOODS,1394
SLEEPWEAR/LOUNGEWEAR,1394
HOSIERY,1394
AMERICAN GREETINGS,1394
THIRD PARTY GIFTCARD,1394
AS SEEN ON TV,1394
LAWN & GARDEN,1394
CANDY,1394
SPIRITS,1394
BEVERAGES,1395
CANDY,1396
TODDLER GIRL APPAREL,1397
GEN SPORTING GOODS,1398
HOUSEHOLD CLEANING,1398
HOSIERY,1399
BEAUTY CARE,1399
BEVERAGES,1399
CANDY,1399
INFANT APPAREL,1400
WATCHES,1400
BABY CARE,1400
MENS SHOES,1401
BOYS ACCESSORIES,1401
HEALTH AIDS,1401
PERSONAL CARE,1401
TOYS,1401
AUDIO ELECTRONICS,1401
PET SUPPLIES,1401
BEVERAGES,1401
TOBACCO,1401
WATCHES,1402
HEALTH AIDS,1403
HOUSEHOLD CLEANING,1403
PC HDWR & OFFICE EQP,1403
BEVERAGES,1403
TODDLER GIRL APPAREL,1404
BOYS 4-7 CLOTHING,1404
BOYS ACCESSORIES,1404
CHILDRENS FOOTWEAR,1404
HOME DECOR,1404
WINE,1404
TOYS,1405
MENS ACCESSORIES,1406
GENERAL HOUSEWARES,1406
BATH,1406
MISSY TOPS,1407
HOME ORG/SOLUTIONS,1407
GENERAL GROCERIES,1407
BEVERAGES,1407
MISSY TOPS,1408
AUTOMOTIVE,1409
PRE-RECORDED A/V,1409
BEVERAGES,1409
CANDY,1409
GIRLS 7-16 CLOTHING,1410
TOYS,1410
SCHOOL/OFFIC SUPP,1411
MISSY TOPS,1412
PETITE SEPARATES,1412
SOUVENIR,1413
HOME/BATH,1413
HEALTH AIDS,1413
PET SUPPLIES,1413
BEVERAGES,1413
CANDY,1413
MENS SHOES,1414
HEALTH AIDS,1414
VITAMINS & HLTH AIDS,1414
HOUSEHOLD CLEANING,1414
DAYWEAR,1415
MASS COSMETICS,1415
PRESTIGE COSMETICS,1415
SEASONAL,1415
SLEEPWEAR/LOUNGEWEAR,1416
PERSONAL CARE,1416
AUTOMOTIVE,1416
OUTDOOR LIVING,1416
UNSCANNED ITEMS,1416
MASS COSMETICS,1417
HEALTH AIDS,1417
HOUSEHOLD CLEANING,1417
PET SUPPLIES,1417
PETITE SEPARATES,1418
HOSIERY,1418
AMERICAN GREETINGS,1418
HOUSEHOLD CLEANING,1419
MASS COSMETICS,1420
BEAUTY CARE,1420
FISHING,1420
BEVERAGES,1420
CANDY,1420
WINE,1420
PERIODICALS/COMICS,1421
HOUSEHOLD CLEANING,1421
THIRD PARTY GIFTCARD,1422
HEALTH AIDS,1423
WOMENS FTWR:DRS/CAS,1424
MISSY KAREN SCOTT,1425
LIFE IS GOOD,1425
BOYS 8-20 CLOTHING,1425
COSTUME JEWELRY,1425
MASS COSMETICS,1425
BEAUTY CARE,1425
TOYS,1425
AUTOMOTIVE,1426
BEVERAGES,1427
CANDY,1427
BEVERAGES,1428
BEVERAGES,1429
CANDY,1429
GENERAL GROCERIES,1430
BEVERAGES,1430
AMERICAN GREETINGS,1431
CANDY,1431
PC HDWR & OFFICE EQP,1432
AMERICAN GREETINGS,1433
WINE,1433
CANDY,1434
WINE,1434
HANDBAGS,1435
FASHION ACCESSORIES,1435
BEVERAGES,1436
HOUSEHOLD CLEANING,1437
HEALTH AIDS,1438
PERSONAL CARE,1438
GENERAL GROCERIES,1438
BEVERAGES,1438
CANDY,1438
PERSONAL CARE,1439
HOUSEHOLD CLEANING,1439
GENERAL GROCERIES,1439
LADIES ACTIVEWEAR,1440
HOME/BATH,1440
VALUE ZONE,1440
HOUSEHOLD CLEANING,1440
HOME ORG/SOLUTIONS,1440
TABLE TOP & KITCHEN,1440
HOME ORG/SOLUTIONS,1441
GENERAL HARDWARE,1441
POWER EQUIPMENT,1441
BEDDING,1441
SPIRITS,1442
HOSIERY,1443
FASHION ACCESSORIES,1443
PRESTIGE COSMETICS,1443
HEALTH AIDS,1443
BEAUTY CARE,1443
PERSONAL CARE,1443
HOUSEHOLD CLEANING,1443
BEER,1444
TELECOMMUNICATIONS,1445
TEAM SPORTING GOODS,1445
HOUSEHOLD CLEANING,1445
BEVERAGES,1445
CANDY,1445
SPIRITS,1445
TOBACCO,1445
SEASONAL,1446
LAWN & GARDEN,1446
CANDY,1447
FOUNDATIONS,1448
DAYWEAR,1448
HOSIERY,1448
GIRLS ACCESSORIES,1448
NAVY PRIDE HARDLINES,1448
MASS COSMETICS,1448
BEAUTY CARE,1448
VITAMINS & HLTH AIDS,1448
HOME DECOR,1448
SEASONAL GIFTS,1448
HOUSEHOLD CLEANING,1448
POWER EQUIPMENT,1448
BEVERAGES,1448
CANDY,1448
SPIRITS,1448
WINE,1448
PERSONAL CARE,1449
GEN SPORTING GOODS,1449
BEVERAGES,1449
HOME/BATH,1450
BEVERAGES,1450
SPIRITS,1450
WINE,1450
SPIRITS,1451
MODERATE DENIM,1452
MENS SHOES,1452
CHILDRENS FOOTWEAR,1452
MASS COSMETICS,1452
HEALTH AIDS,1452
BEAUTY CARE,1452
PERSONAL CARE,1452
HOME DECOR,1452
GLUES/TAPES/ACC,1452
CANDY,1452
PERISHABLES,1453
CANDY,1453
BEER,1453
PERSONAL CARE,1454
HOUSEHOLD CLEANING,1454
TABLE TOP & KITCHEN,1454
HOME TEXTILES,1454
GENERAL GROCERIES,1454
BEVERAGES,1454
PERSONAL CARE,1455
AUTOMOTIVE,1456
CANDY,1456
BEAUTY CARE,1457
TABLETOP,1458
GENERAL HOUSEWARES,1459
CANDY,1459
WINE,1459
PERSONAL CARE,1460
CANDY,1460
HEALTH AIDS,1461
PERSONAL CARE,1461
SPIRITS,1461
HEALTH AIDS,1462
PERSONAL CARE,1462
HOUSEHOLD CLEANING,1462
GENERAL GROCERIES,1462
CANDY,1462
MENS SHOES,1463
NEWBORN APPAREL,1463
TODDLER GIRL APPAREL,1463
CHILDRENS FOOTWEAR,1463
PERSONAL CARE,1463
HOUSEHOLD CLEANING,1464
PET SUPPLIES,1464
TELECOMMUNICATIONS,1465
BEVERAGES,1465
PERSONAL CARE,1466
HOUSEHOLD CLEANING,1466
MASS COSMETICS,1467
BEAUTY CARE,1467
VIDEO GAMES,1467
TOBACCO,1467
MENS ACTIVEWEAR,1468
HEALTH AIDS,1468
GEN SPORTING GOODS,1468
TEAM SPORTING GOODS,1468
SPORTS NUTRITION,1468
BEAUTY CARE,1469
WAREHOUSED EXPENSES,1470
HOUSEHOLD CLEANING,1471
GENERAL GROCERIES,1471
CANDY,1471
TODDLER GIRL APPAREL,1472
TOYS,1473
AMERICAN GREETINGS,1474
DAYWEAR,1475
TOYS,1475
SEASONAL,1475
PEGABLES,1476
AMERICAN GREETINGS,1476
BEAUTY CARE,1476
HOME DECOR,1476
MENS OUTDOOR,1477
BEVERAGES,1477
CANDY,1477
SEASONAL GIFTS,1478
BEVERAGES,1478
AMERICAN GREETINGS,1479
THIRD PARTY GIFTCARD,1479
BEVERAGES,1480
SPIRITS,1480
MENS ACTIVEWEAR,1481
CHILDRENS FOOTWEAR,1481
MENS FURNISHINGS,1482
HEALTH AIDS,1482
CANDY,1482
HOUSEHOLD CLEANING,1483
GENERAL GROCERIES,1484
BEVERAGES,1484
BEAUTY CARE,1485
PERSONAL CARE,1485
HOSIERY,1486
COOKWARE,1487
GENERAL HOUSEWARES,1487
NEWBORN APPAREL,1488
INFANT APPAREL,1488
CHILDRENS FOOTWEAR,1488
BABY CARE,1488
SEASONAL,1488
MISSY KAREN SCOTT,1489
AMERICAN GREETINGS,1489
GENERAL HOUSEWARES,1489
BEAUTY CARE,1490
CANDY,1490
AS SEEN ON TV,1491
GENERAL HARDWARE,1491
BEVERAGES,1491
PERISHABLES,1491
BEVERAGES,1492
PEGABLES,1493
WOMENS FTWR:DRS/CAS,1494
COOKWARE,1495
PEGABLES,1496
PRESTIGE COSMETICS,1496
BEAUTY CARE,1496
WOMENS FTWR:DRS/CAS,1497
TOYS,1498
PRESTIGE COSMETICS,1499
STYLE & CO,1500
OPPORTUNITY BUYS,1501
TABLETOP,1501
CANDY,1501
HANDBAGS,1502
HANDBAGS,1503
UNSCANNED ITEMS,1503
BIKES,1504
LDS OUTERWEAR/OUTDR,1505
LDS OUTERWEAR/OUTDR,1506
BIKES,1507
BIKES,1508
MENS DENIM JEANS,1509
JUNIOR TOPS,1510
GIRLS 4-6X CLOTHING,1511
DAYWEAR,1512
PRESTIGE COSMETICS,1513
MENS PRESTIGE FRAG,1513
PETITE COLLECTIONS,1514
OTHER DIRECT SERVICE,1515
PEGABLES,1516
WINE,1517
BATH,1518
BOYS ACCESSORIES,1519
AMERICAN GREETINGS,1520
SEASONAL GIFTS,1520
MENS ACCESSORIES,1521
FINANCIAL SERVICES,1522
PERSONAL CARE,1523
HOUSEHOLD CLEANING,1524
SCHOOL/OFFIC SUPP,1525
MENS ACTIVEWEAR,1526
HANDBAGS,1527
WOMENS FTWR:DRS/CAS,1528
PET SUPPLIES,1529
GENERAL HARDWARE,1530
PERSONAL CARE,1531
GENERAL GROCERIES,1531
CANDY,1531
PET SUPPLIES,1532
MENS SPORT SHIRTS,1533
HEALTH AIDS,1534
BEAUTY CARE,1534
PERSONAL CARE,1534
SEASONAL,1534
HOUSEHOLD CLEANING,1534
CANDY,1534
LDS OUTERWEAR/OUTDR,1535
JUNIORS SURF,1535
LADIES ACTIVEWEAR,1535
SEASONAL,1535
PET SUPPLIES,1535
SUNGLASSES,1536
CANDY,1536
VIDEO GAMES,1537
WINE,1538
BOYS 8-20 CLOTHING,1539
MENS SHOES,1540
STATIONERY SUNDRIES,1541
MENS ACTIVEWEAR,1542
SUNGLASSES,1543
WAREHOUSED EXPENSES,1544
SUNGLASSES,1545
UNSCANNED ITEMS,1545
SMALL ELECTRICS,1546
CHILDRENS FOOTWEAR,1547
SMALL ELECTRICS,1548
HANDBAGS,1549
BIKES,1550
WAREHOUSED EXPENSES,1551
PRESTIGE COSMETICS,1552
LDS OUTERWEAR/OUTDR,1553
MENS OUTDOOR,1554
LADIES ACTIVEWEAR,1555
JUNIOR TOPS,1556
SEASONAL,1557
TABLE TOP & KITCHEN,1558
CANDY,1558
STYLE & CO,1559
TOYS,1559
WOMENS FTWR:DRS/CAS,1560
OTHER DIRECT SERVICE,1561
MENS ACTIVEWEAR,1562
MENS FURNISHINGS,1563
MENS CASUAL SLACKS,1564
WOMENS FTWR:DRS/CAS,1565
JUNIOR BOTTOMS,1566
MENS ACTIVEWEAR,1566
GIRLS 7-16 CLOTHING,1567
GIRLS ACCESSORIES,1567
BOYS 4-7 CLOTHING,1567
SPIRITS,1568
BEER,1568
TODDLER BOY APPAREL,1569
GIRLS 7-16 CLOTHING,1569
CANDY,1570
WAREHOUSED EXPENSES,1571
MISSY KAREN SCOTT,1572
PERSONAL CARE,1573
MNS TAILORED CLOTHNG,1574
MENS DRESS SHIRTS,1574
SLEEPWEAR/LOUNGEWEAR,1575
MODERATE DENIM,1576
CANDY,1577
BEVERAGES,1578
SPIRITS,1579
WINE,1579
SMALL ELECTRICS,1580
MENS OUTERWEAR,1581
MENS SPORT SHIRTS,1581
WOMENS FTWR:DRS/CAS,1582
TELECOMMUNICATIONS,1583
LDS OUTERWEAR/OUTDR,1584
LADIES ACTIVEWEAR,1585
HOSIERY,1585
BEDDING,1586
BEVERAGES,1587
LDS OUTERWEAR/OUTDR,1588
TRAD COLLECTIONS,1589
MENS PRESTIGE FRAG,1589
MENS ACTIVEWEAR,1590
HEALTH AIDS,1590
TELECOMMUNICATIONS,1591
GEN SPORTING GOODS,1591
SMALL ELECTRICS,1591
SPIRITS,1591
UNSCANNED ITEMS,1591
PET SUPPLIES,1592
BEVERAGES,1592
SPIRITS,1592
FOUNDATIONS,1593
PERSONAL CARE,1594
TOYS,1595
HOME ORG/SOLUTIONS,1596
INFANT APPAREL,1597
BEAUTY CARE,1598
PERSONAL CARE,1598
SMALL ELECTRICS,1599
MASS COSMETICS,1600
TOYS,1601
HANDBAGS,1602
CHILDRENS FOOTWEAR,1602
CHILDRENS FOOTWEAR,1603
CHILDRENS FOOTWEAR,1604
SEASONAL,1605
SEASONAL,1606
BABY CARE,1607
LADIES MODERN COLLEC,1608
PRESTIGE COSMETICS,1608
SEASONAL,1609
JUNIOR TOPS,1610
JUNIOR BOTTOMS,1610
HOSIERY,1610
BEAUTY CARE,1610
THIRD PARTY GIFTCARD,1610
HOUSEHOLD CLEANING,1610
HOUSEHOLD CLEANING,1611
CANDY,1611
PRESTIGE COSMETICS,1612
CHILDRENS FOOTWEAR,1613
TODDLER GIRL APPAREL,1614
GIRLS 4-6X CLOTHING,1614
FINANCIAL SERVICES,1615
FINANCIAL SERVICES,1616
FINANCIAL SERVICES,1617
BOYS 8-20 CLOTHING,1618
LDS OUTERWEAR/OUTDR,1619
FASHION ACCESSORIES,1619
SUNGLASSES,1620
LUGGAGE,1621
SOUVENIR,1622
AMERICAN GREETINGS,1622
HOME/BATH,1622
WOMENS FTWR:DRS/CAS,1623
SEASONAL,1624
GIFTS,1625
AMERICAN GREETINGS,1626
VITAMINS & HLTH AIDS,1626
CHILDRENS FOOTWEAR,1627
UNSCANNED ITEMS,1627
OTHER DIRECT SERVICE,1628
WOMENS ATHLTIC SHOES,1629
BOYS ACCESSORIES,1630
SCHOOL/OFFIC SUPP,1630
YOUNG MENS,1631
DAYWEAR,1632
HEALTH AIDS,1633
PRESTIGE COSMETICS,1634
TOYS,1635
BEVERAGES,1636
WOMENS ATHLTIC SHOES,1637
LADIES ACTIVEWEAR,1638
MENS OUTDOOR,1639
FINANCIAL SERVICES,1640
NETWORKING,1641
MISSY KAREN SCOTT,1642
MISSY TOPS,1642
MISSY KAREN SCOTT,1643
MENS OUTERWEAR,1643
LDS OUTERWEAR/OUTDR,1644
CANDY,1645
BEER,1645
GIRLS 7-16 CLOTHING,1646
GIRLS ACCESSORIES,1646
PEGABLES,1647
YOUNG MENS,1648
MENS ACTIVEWEAR,1648
BEVERAGES,1648
MENS FURNISHINGS,1649
FLOOR CARE,1650
CANDY,1650
FINANCIAL SERVICES,1651
TRAD COLLECTIONS,1652
CANDY,1653
BEVERAGES,1654
MENS ATHLETIC SHOES,1655
HEALTH AIDS,1656
MENS SHOES,1657
WOMENS FTWR:DRS/CAS,1658
GEN SPORTING GOODS,1659
AUTOMOTIVE,1659
FINANCIAL SERVICES,1660
LDS OUTERWEAR/OUTDR,1661
HOUSEHOLD CLEANING,1662
PET SUPPLIES,1662
BEVERAGES,1662
FINANCIAL SERVICES,1663
MENS ATHLETIC SHOES,1664
JUNIOR TOPS,1665
JUNIOR DRESSES,1665
INFANT APPAREL,1665
LDS OUTERWEAR/OUTDR,1666
MENS OUTDOOR,1666
SMALL ELECTRICS,1667
GENERAL HARDWARE,1668
MODERATE DENIM,1669
MENS FURNISHINGS,1670
SEASONAL,1671
BEVERAGES,1671
CANDY,1671
LAWN & GARDEN,1672
SMALL ELECTRICS,1673
AUDIO ELECTRONICS,1674
PERSONAL CARE,1675
LAWN & GARDEN,1676
SEASONAL,1677
LAWN & GARDEN,1677
SPIRITS,1678
WINE,1679
WINE,1680
AMERICAN GREETINGS,1681
LAWN & GARDEN,1681
STATIONERY SUNDRIES,1682
SEASONAL,1682
LAWN & GARDEN,1682
BEAUTY CARE,1683
SEASONAL,1683
AUTOMOTIVE,1683
SPIRITS,1684
LAWN & GARDEN,1685
HEALTH AIDS,1686
CANDY,1686
LAWN & GARDEN,1687
SEASONAL,1688
LAWN & GARDEN,1689
BEVERAGES,1690
SPIRITS,1690
LAWN & GARDEN,1691
SPIRITS,1691
HEALTH AIDS,1692
GLUES/TAPES/ACC,1692
SPIRITS,1693
BIKES,1694
HEALTH AIDS,1695
SMALL ELECTRICS,1695
WINE,1695
OUTDOOR LIVING,1696
SEASONAL,1697
UNSCANNED ITEMS,1697
SPIRITS,1698
SEASONAL,1699
PET SUPPLIES,1699
SPIRITS,1700
SPIRITS,1701
TOBACCO,1701
SEASONAL,1702
SEASONAL,1703
PRE-RECORDED A/V,1703
LAWN & GARDEN,1703
SEASONAL,1704
GENERAL HARDWARE,1704
BEVERAGES,1705
SPIRITS,1706
WINE,1706
BEER,1706
LAWN & GARDEN,1707
LAWN & GARDEN,1708
SEASONAL,1709
AS SEEN ON TV,1710
BEDDING,1711
HOUSEHOLD CLEANING,1712
SEASONAL,1713
SEASONAL,1714
PET SUPPLIES,1714
SEASONAL,1715
LAWN & GARDEN,1715
MISSY KAREN SCOTT,1716
SEASONAL,1717
SPIRITS,1717
WINE,1717
WOMENS FTWR:DRS/CAS,1718
BIKES,1719
SEASONAL,1720
LAWN & GARDEN,1720
SEASONAL,1721
BEER,1722
AS SEEN ON TV,1723
BEER,1724
SEASONAL,1725
SPIRITS,1726
WINE,1726
LAWN & GARDEN,1727
LAWN & GARDEN,1728
WINE,1729
OUTDOOR LIVING,1730
SPIRITS,1731
STATIONERY SUNDRIES,1732
SPIRITS,1732
STATIONERY SUNDRIES,1733
MASS COSMETICS,1734
SEASONAL,1734
CANDY,1734
TEAM SPORTING GOODS,1735
SPIRITS,1735
BEER,1735
OUTDOOR LIVING,1736
BEAUTY RETAIL,1737
BEAUTY CARE,1737
PERSONAL CARE,1737
LAWN & GARDEN,1737
TOYS,1738
TOYS,1739
CANDY,1739
SPIRITS,1740
HEALTH AIDS,1741
TOYS,1741
SEASONAL,1741
OUTDOOR LIVING,1741
GLUES/TAPES/ACC,1741
GENERAL HARDWARE,1741
AS SEEN ON TV,1742
BOOKS AND MAPS,1743
LAWN & GARDEN,1743
PET SUPPLIES,1744
SEASONAL,1745
GENERAL HARDWARE,1745
TOYS,1746
GENERAL HARDWARE,1747
LAWN & GARDEN,1748
SEASONAL,1749
LAWN & GARDEN,1750
CANDY,1750
SEASONAL,1751
BEVERAGES,1751
TRAD COLLECTIONS,1752
MASS COSMETICS,1752
PRESTIGE COSMETICS,1752
HEALTH AIDS,1752
BEAUTY CARE,1752
PERSONAL CARE,1752
SPIRITS,1753
LDS OUTERWEAR/OUTDR,1754
BEER,1754
SPIRITS,1755
SPIRITS,1756
LAWN & GARDEN,1757
GENERAL GROCERIES,1758
TOYS,1759
PET SUPPLIES,1760
UNSCANNED ITEMS,1760
SPIRITS,1761
LAWN & GARDEN,1762
LAWN & GARDEN,1763
SEASONAL,1764
GENERAL HARDWARE,1764
LAWN & GARDEN,1765
LAWN & GARDEN,1766
LAWN & GARDEN,1767
SMALL ELECTRICS,1768
GENERAL HOUSEWARES,1768
LAWN & GARDEN,1768
SPIRITS,1768
STATIONERY SUNDRIES,1769
SEASONAL,1769
TOYS,1770
SEASONAL,1770
SEASONAL,1771
HANDBAGS,1772
SUNGLASSES,1772
SUNGLASSES,1773
WATCHES,1774
WATCHES,1775
WATCHES,1776
CONSIGNMENT WATCHES,1777
WATCHES,1777
WATCHES,1778
WATCHES,1779
BEVERAGES,1780
CANDY,1780
SUNGLASSES,1781
REPAIRS,1782
WATCHES,1783
AMERICAN GREETINGS,1784
BRIDGE JEWELRY,1784
HOSIERY,1785
BRIDGE JEWELRY,1786
BRIDGE JEWELRY,1787
BRIDGE JEWELRY,1788
BRIDGE JEWELRY,1789
TRAD COLLECTIONS,1790
SCHOOL/OFFIC SUPP,1791
AMERICAN GREETINGS,1791
COSTUME JEWELRY,1791
BRIDGE JEWELRY,1792
DIAMONDS/BRIDAL,1793
DIAMONDS/BRIDAL,1794
JEWELRY CONSIGNMENT,1794
BRIDGE JEWELRY,1795
BRIDGE JEWELRY,1796
GOLD,1797
GEMSTONES,1797
BRIDGE JEWELRY,1798
BRIDGE JEWELRY,1799
DIAMONDS/BRIDAL,1800
DIAMONDS/BRIDAL,1801
BRIDGE JEWELRY,1802
BRIDGE JEWELRY,1803
DIAMONDS/BRIDAL,1803
HANDBAGS,1804
BRIDGE JEWELRY,1804
DIAMONDS/BRIDAL,1805
JEWELRY CONSIGNMENT,1805
JEWELRY CONSIGNMENT,1806
BRIDGE JEWELRY,1807
GEMSTONES,1808
GOLD,1809
BRIDGE JEWELRY,1810
GEMSTONES,1811
BRIDGE JEWELRY,1812
BRIDGE JEWELRY,1813
BRIDGE JEWELRY,1814
GOLD,1815
DIAMONDS/BRIDAL,1815
YOUNG MENS,1816
BRIDGE JEWELRY,1817
GOLD,1818
MENS FURNISHINGS,1819
MENS SHOES,1819
MENS ATHLETIC SHOES,1819
BOYS ACCESSORIES,1819
BEAUTY CARE,1819
TELEVISION,1819
AS SEEN ON TV,1819
PET SUPPLIES,1819
TELEVISION,1820
AUDIO ELECTRONICS,1821
TELEVISION,1822
CAMERAS & EQUIP,1823
SMART HOME,1824
MENS ATHLETIC SHOES,1825
CAMERAS & EQUIP,1826
FLOOR CARE,1826
BEAUTY CARE,1827
SEASONAL GIFTS,1827
HOUSEHOLD CLEANING,1827
SCHOOL/OFFIC SUPP,1828
HEALTH AIDS,1828
AUDIO ELECTRONICS,1829
FLOOR CARE,1830
SMALL ELECTRICS,1831
TELEVISION,1832
TELEVISION,1833
VIDEO ELECTRONICS,1833
DAYWEAR,1834
TABLETOP,1834
COOKWARE,1834
TABLE TOP & KITCHEN,1834
TOBACCO,1834
AUDIO ELECTRONICS,1835
PC HDWR & OFFICE EQP,1836
SCHOOL/OFFIC SUPP,1837
PAPYRUS,1838
GEN SPORTING GOODS,1838
SMALL ELECTRICS,1838
BATTERIES,1838
PC PERIPH/OFFICE ACC,1838
BEVERAGES,1838
MENS OUTDOOR,1839
PC PERIPH/OFFICE ACC,1839
iPAD,1840
WOMENS ATHLTIC SHOES,1841
MENS SHOES,1841
DIMAGE/PHONE/GPS/ACC,1841
TELEVISION,1842
PC HDWR & OFFICE EQP,1842
PC HARDWARE,1842
SHAPEWEAR,1843
DAYWEAR,1843
AMERICAN GREETINGS,1843
VIDEO ELECTRONICS,1843
CAMERAS & EQUIP,1844
TELECOMMUNICATIONS,1844
PRE-RECORDED A/V,1845
COOKWARE,1846
GENERAL HOUSEWARES,1846
TELEVISION,1847
TELEVISION,1848
TELEVISION,1849
PRE-RECORDED A/V,1850
BARBER SERVICES,1851
BARBER SERVICES,1852
BARBER SERVICES,1853
BARBER SERVICES,1854
BARBER SERVICES,1855
BARBER SERVICES,1856
BARBER SERVICES,1857
BARBER SERVICES,1858
BARBER SERVICES,1859
BARBER SERVICES,1860
BARBER SERVICES,1861
BARBER SERVICES,1862
BARBER SERVICES,1863
BARBER SERVICES,1864
BARBER SERVICES,1865
BARBER SERVICES,1866
BARBER SERVICES,1867
BARBER SERVICES,1868
BARBER SERVICES,1869
BARBER SERVICES,1870
BARBER SERVICES,1871
BARBER SERVICES,1872
BARBER SERVICES,1873
BARBER SERVICES,1874
BARBER SERVICES,1875
BARBER SERVICES,1876
BARBER SERVICES,1877
BARBER SERVICES,1878
BARBER SERVICES,1879
BARBER SERVICES,1880
BARBER SERVICES,1881
BARBER SERVICES,1882
BARBER RETAIL,1883
BARBER SERVICES,1883
BARBER SERVICES,1884
BARBER SERVICES,1885
BARBER SERVICES,1886
BARBER SERVICES,1887
BARBER SERVICES,1888
BARBER SERVICES,1889
BARBER SERVICES,1890
BARBER SERVICES,1891
BARBER SERVICES,1892
BARBER SERVICES,1893
BARBER SERVICES,1894
BARBER SERVICES,1895
BARBER SERVICES,1896
BARBER SERVICES,1897
BARBER SERVICES,1898
BARBER SERVICES,1899
BARBER SERVICES,1900
BARBER SERVICES,1901
BARBER SERVICES,1902
BARBER SERVICES,1903
BARBER SERVICES,1904
BARBER SERVICES,1905
BARBER SERVICES,1906
BARBER SERVICES,1907
BARBER SERVICES,1908
BARBER SERVICES,1909
BEVERAGES,1910
BARBER SERVICES,1911
BARBER SERVICES,1912
BARBER SERVICES,1913
BARBER SERVICES,1914
BARBER SERVICES,1915
BARBER SERVICES,1916
BARBER SERVICES,1917
BARBER SERVICES,1918
BARBER SERVICES,1919
BARBER SERVICES,1920
BARBER SERVICES,1921
BARBER SERVICES,1922
BARBER SERVICES,1923
BARBER SERVICES,1924
BARBER SERVICES,1925
BARBER SERVICES,1926
BARBER SERVICES,1927
BARBER SERVICES,1928
BARBER SERVICES,1929
BARBER SERVICES,1930
BARBER SERVICES,1931
BARBER SERVICES,1932
BARBER SERVICES,1933
BARBER SERVICES,1934
BARBER SERVICES,1935
BARBER SERVICES,1936
BARBER SERVICES,1937
BARBER SERVICES,1938
BARBER SERVICES,1939
BARBER SERVICES,1940
BARBER SERVICES,1941
BARBER SERVICES,1942
BARBER SERVICES,1943
BARBER SERVICES,1944
BARBER SERVICES,1945
BARBER SERVICES,1946
BARBER SERVICES,1947
BARBER SERVICES,1948
BARBER SERVICES,1949
BARBER SERVICES,1950
BARBER SERVICES,1951
BARBER SERVICES,1952
BARBER RETAIL,1953
BARBER SERVICES,1954
BARBER SERVICES,1955
BARBER SERVICES,1956
BARBER SERVICES,1957
BARBER SERVICES,1958
BARBER SERVICES,1959
BARBER SERVICES,1960
BARBER SERVICES,1961
BARBER SERVICES,1962
BARBER SERVICES,1963
BARBER SERVICES,1964
BEVERAGES,1965
FLORAL RETAIL,1966
FLORAL RETAIL,1967
SOUVENIR,1968
NAVY PRIDE HARDLINES,1968
BEVERAGES,1969
CANDY,1969
OTHER DIRECT SERVICE,1970
FLORAL SERV/SUPPLIES,1971
GENERAL GROCERIES,1972
BEVERAGES,1972
BEVERAGES,1973
FLORAL RETAIL,1974
AMERICAN GREETINGS,1975
PRESTIGE COSMETICS,1976
LAWN & GARDEN,1976
GENERAL GROCERIES,1977
FLORAL SERV/SUPPLIES,1978
FLORAL SERV/SUPPLIES,1979
SOUVENIR,1980
FLORAL SERV/SUPPLIES,1981
AMERICAN GREETINGS,1981
WINE,1981
FLORAL SERV/SUPPLIES,1982
GENERAL HARDWARE,1982
BEVERAGES,1983
FLORAL SERV/SUPPLIES,1984
AMERICAN GREETINGS,1984
BOYS ACCESSORIES,1985
FLOOR CARE,1985
MENS ATHLETIC SHOES,1986
SCHOOL/OFFIC SUPP,1987
SEASONAL GIFTS,1988
GENERAL HOUSEWARES,1989
SMALL ELECTRICS,1990
BEVERAGES,1990
CANDY,1990
DIMAGE/PHONE/GPS/ACC,1991
SCHOOL/OFFIC SUPP,1992
AUDIO ELECTRONICS,1993
CAMERAS & EQUIP,1994
TELEVISION,1995
HOME DECOR,1996
VIDEO GAMES,1997
CAMERAS & EQUIP,1998
PC PERIPH/OFFICE ACC,1999
GIRLS ACCESSORIES,2000
NEWBORN APPAREL,2001
PC HDWR & OFFICE EQP,2002
PC HARDWARE,2002
TELEVISION,2003
AUDIO ELECTRONICS,2003
HEALTH AIDS,2004
PERSONAL CARE,2004
SMALL ELECTRICS,2004
HOUSEHOLD CLEANING,2004
BATH,2004
HOME DECOR,2005
SCHOOL/OFFIC SUPP,2006
VIDEO GAMES,2006
VIDEO GAMES,2007
HOUSEHOLD CLEANING,2008
NETWORKING,2008
SMART HOME,2009
HOME ORG/SOLUTIONS,2010
MISSY TOPS,2011
MENS MODERN COLLECT,2011
MENS ACTIVEWEAR,2011
GENERAL HOUSEWARES,2011
iPAD,2011
GENERAL HOUSEWARES,2012
PERSONAL CARE,2013
TELEVISION,2014
AUDIO ELECTRONICS,2015
SMART HOME,2016
CHILDRENS FOOTWEAR,2017
HOME DECOR,2018
SEASONAL GIFTS,2018
NETWORKING,2019
SCHOOL/OFFIC SUPP,2020
SCHOOL/OFFIC SUPP,2021
HOME ORG/SOLUTIONS,2021
THIRD PARTY GIFTCARD,2022
VIDEO GAMES,2022
SCHOOL/OFFIC SUPP,2023
TABLE TOP & KITCHEN,2023
PC HARDWARE,2024
AUDIO ELECTRONICS,2025
JUVENILLE FURNITURE,2026
SCHOOL/OFFIC SUPP,2027
PC HDWR & OFFICE EQP,2028
TABLETOP,2029
HOUSEHOLD CLEANING,2029
SPIRITS,2029
TELEVISION,2030
SCHOOL/OFFIC SUPP,2031
HEALTH AIDS,2031
HOUSEHOLD CLEANING,2031
PC HDWR & OFFICE EQP,2032
COMPUTER SOFTWARE,2032
VIDEO GAMES,2033
MENS SHOES,2034
TODDLER GIRL APPAREL,2034
TODDLER BOY APPAREL,2034
BOYS 4-7 CLOTHING,2034
BOYS ACCESSORIES,2034
CHILDRENS FOOTWEAR,2034
AUDIO ELECTRONICS,2034
NETWORKING,2034
FOUNDATIONS,2035
DAYWEAR,2035
MENS SHOES,2035
PC PERIPH/OFFICE ACC,2035
VIDEO ELECTRONICS,2036
PRE-RECORDED A/V,2036
PC HDWR & OFFICE EQP,2037
GENERAL HOUSEWARES,2038
HEALTH AIDS,2039
BABY CARE,2039
GENERAL HOUSEWARES,2039
CANDY,2039
TELEVISION,2040
TELEVISION,2041
AUDIO ELECTRONICS,2042
TELEVISION,2043
SMART HOME,2043
AUDIO ELECTRONICS,2044
TELECOMMUNICATIONS,2045
MENS DRESS SHIRTS,2046
TELECOMMUNICATIONS,2046
WEARABLES,2046
BEAUTY CARE,2047
AUDIO ELECTRONICS,2047
TELECOMMUNICATIONS,2048
NETWORKING,2049
PC PERIPH/OFFICE ACC,2050
LADIES DRESSES,2051
MENS DENIM JEANS,2051
MENS SHOES,2051
TOYS,2051
SMALL ELECTRICS,2052
PEGABLES,2053
BABY CARE,2053
NETWORKING,2054
GENERAL HOUSEWARES,2055
BATH,2055
PC HARDWARE,2056
CAMERAS & EQUIP,2057
TELEVISION,2057
AUDIO ELECTRONICS,2057
PC HARDWARE,2057
VIDEO GAMES,2057
SLEEPWEAR/LOUNGEWEAR,2058
GENERAL HOUSEWARES,2058
AS SEEN ON TV,2058
PC PERIPH/OFFICE ACC,2058
BATH,2058
BEDDING,2058
TOBACCO,2058
AUDIO ELECTRONICS,2059
PC PERIPH/OFFICE ACC,2060
MENS ATHLETIC SHOES,2061
AUDIO ELECTRONICS,2061
AMERICAN GREETINGS,2062
VENDING/AMUSEMENT MA,2063
