"HOSIERY","VITAMINS & HLTH AIDS","PET SUPPLIES","CANDY","SPIRITS","WINE","TOBACCO"
"HEALTH AIDS","PERSONAL CARE"
"PRE-RECORDED A/V","SMALL ELECTRICS","SPIRITS"
"GENERAL GROCERIES"
"SPIRITS"
"SPIRITS","TOBACCO"
"PET SUPPLIES","SPIRITS","WINE","BEER"
"SCHOOL/OFFIC SUPP","HEALTH AIDS","VALUE ZONE","VITAMINS & HLTH AIDS","HOUSEHOLD CLEANING"
"PRESTIGE COSMETICS","HEALTH AIDS","BABY CARE","HOUSEHOLD CLEANING","PERISHABLES","CANDY","WINE"
"GENERAL HOUSEWARES","SPIRITS"
"PET SUPPLIES","CANDY","BEER"
"WINE"
"BEVERAGES","SPIRITS"
"SPIRITS","WINE"
"SPIRITS"
"GEN SPORTING GOODS","GENERAL GROCERIES","CANDY","TOBACCO"
"SEASONAL","TOBACCO"
"BEVERAGES","SPIRITS","WINE"
"SPIRITS"
"SPIRITS","WINE"
"BEVERAGES","SPIRITS"
"BEAUTY CARE","PERSONAL CARE","BEVERAGES"
"BEVERAGES","SPIRITS"
"BEVERAGES"
"BEAUTY RETAIL","BEAUTY CARE","HOME DECOR","SPIRITS","TOBACCO"
"BEAUTY CARE","PERSONAL CARE","GEN SPORTING GOODS","SPORTS NUTRITION","AUTOMOTIVE","GENERAL GROCERIES","BEVERAGES","CANDY"
"HEALTH AIDS","SPORTS NUTRITION","HOUSEHOLD CLEANING"
"HOUSEHOLD CLEANING"
"WINE","BEER"
"GENERAL GROCERIES","SPIRITS"
"BEVERAGES","SPIRITS","BEER"
"GENERAL GROCERIES"
"SPORTS NUTRITION"
"GENERAL GROCERIES","BEVERAGES"
"PERSONAL CARE","HOUSEHOLD CLEANING"
"WINE"
"FASHION ACCESSORIES","GENERAL GROCERIES","BEVERAGES","SPIRITS"
"SPIRITS"
"SMALL ELECTRICS","SPIRITS","BEER","TOBACCO"
"TOBACCO"
"HOUSEHOLD CLEANING"
"LAWN & GARDEN","TOBACCO"
"CAMERAS & EQUIP","HEALTH AIDS","COOKWARE","HOUSEHOLD CLEANING"
"AMERICAN GREETINGS","WINE","BEER"
"WINE"
"SPORTS NUTRITION","GENERAL HARDWARE"
"GENERAL GROCERIES","SPIRITS","WINE"
"GENERAL GROCERIES","BEVERAGES"
"SEASONAL","PET SUPPLIES","SPIRITS","WINE"
"BEER","TOBACCO"
"PRESTIGE COSMETICS","SPIRITS","BEER","TOBACCO"
"WINE"
"TOBACCO"
"AMERICAN GREETINGS"
"SPIRITS","WINE"
"SPIRITS"
"SPORTS NUTRITION"
"TOBACCO"
"BEVERAGES"
"SPIRITS"
"PET SUPPLIES","CANDY","TOBACCO"
"PERSONAL CARE","SPORTS NUTRITION"
"LOCAL GIFTS/FOODS","SCHOOL/OFFIC SUPP","AMERICAN GREETINGS","PERSONAL CARE","PET SUPPLIES","CANDY","WINE"
"SPORTS NUTRITION","BEVERAGES","TOBACCO"
"SEASONAL"
"SPIRITS","WINE"
"BEVERAGES"
"DAYWEAR","STATIONERY SUNDRIES","BABY CARE","WINE"
"SEASONAL"
"MASS COSMETICS","HEALTH AIDS","SPIRITS","WINE"
"WINE"
"BEAUTY RETAIL","SEASONAL"
"BEVERAGES","CANDY","SPIRITS","WINE","TOBACCO"
"PET SUPPLIES"
"HOUSEHOLD CLEANING","PET SUPPLIES"
"PET SUPPLIES"
"BEVERAGES","SPIRITS"
"BEAUTY CARE"
"AUTOMOTIVE"
"BEER"
"BATTERIES"
"GENERAL GROCERIES","BEVERAGES","CANDY","TOBACCO"
"GENERAL GROCERIES","CANDY"
"HEALTH AIDS","BEAUTY CARE","PERSONAL CARE","HOUSEHOLD CLEANING","WINE"
"MENS DENIM JEANS","PET SUPPLIES"
"HEALTH AIDS","SPIRITS","TOBACCO"
"SUNGLASSES","HEALTH AIDS","BEAUTY CARE","PERSONAL CARE","HOUSEHOLD CLEANING","PET SUPPLIES","LAWN & GARDEN"
"MASS COSMETICS","TOYS","BEVERAGES","CANDY"
"TOYS","SEASONAL"
"BEVERAGES","SPIRITS"
"SPIRITS","WINE"
"PERSONAL CARE","SPIRITS"
"HEALTH AIDS","BATTERIES","GENERAL GROCERIES","BEVERAGES"
"HEALTH AIDS","BEAUTY CARE","PERSONAL CARE","SPIRITS","BEER","TOBACCO"
"PET SUPPLIES","SPIRITS","TOBACCO"
"FISHING"
"HEALTH AIDS","PERSONAL CARE","HOUSEHOLD CLEANING","BEER","TOBACCO"
"SPIRITS","WINE"
"SPIRITS","BEER"
"HEALTH AIDS","GENERAL HARDWARE"
"BEVERAGES","SPIRITS"
"SPIRITS"
"SPIRITS","TOBACCO"
"HOUSEHOLD CLEANING"
"SPIRITS"
"TOBACCO"
"WINE","TOBACCO"
"TOBACCO"
"HEALTH AIDS","PET SUPPLIES","CANDY"
"THIRD PARTY GIFTCARD"
"PET SUPPLIES","TOBACCO"
"WINE"
"MENS ACCESSORIES","CANDY"
"BIKES","BATTERIES"
"SPIRITS","WINE"
"GENERAL HARDWARE"
"HEALTH AIDS","SPIRITS","WINE"
"GENERAL HARDWARE"
"HOUSEHOLD CLEANING","SPIRITS","TOBACCO"
"AMERICAN GREETINGS","BEAUTY CARE","GEN SPORTING GOODS","CANDY","SPIRITS","WINE","BEER"
"WINE"
"AMERICAN GREETINGS","TOYS","SEASONAL"
"PET SUPPLIES"
"BOOKS AND MAPS","CANDY"
"HEALTH AIDS","CANDY","WINE","BEER"
"GENERAL HARDWARE"
"GEN SPORTING GOODS","WINE"
"HEALTH AIDS"
"BEER"
"SPIRITS"
"SPIRITS"
"MASS COSMETICS","CANDY"
"SPIRITS","WINE","BEER"
"SPIRITS","WINE"
"LAWN & GARDEN","WINE"
"STATIONERY SUNDRIES","HEALTH AIDS","BEAUTY CARE","HOUSEHOLD CLEANING","PET SUPPLIES","CANDY"
"TOBACCO"
"PET SUPPLIES"
"SPIRITS"
"SPIRITS"
"TOBACCO"
"AMERICAN GREETINGS","HOUSEHOLD CLEANING","PET SUPPLIES","SPIRITS","TOBACCO"
"BEVERAGES","TOBACCO"
"SPIRITS","BEER"
"SPIRITS","TOBACCO"
"SPIRITS","TOBACCO"
"CANDY","SPIRITS"
"MENS SHOES"
"GEN SPORTING GOODS","SPORTS NUTRITION","CANDY"
"HEALTH AIDS","HOUSEHOLD CLEANING"
"SEASONAL","GENERAL HARDWARE"
"SEASONAL GIFTS","WINE","BEER"
"SPIRITS","TOBACCO"
"LAWN & GARDEN","SPIRITS","WINE","BEER"
"BEAUTY RETAIL","WINE","TOBACCO"
"SMALL ELECTRICS","CANDY","SPIRITS","WINE","TOBACCO"
"SPIRITS","TOBACCO"
"MENS ATHLETIC SHOES","GENERAL GROCERIES","SPIRITS"
"BEVERAGES","BEER"
"BEER","TOBACCO"
"LDS OUTERWEAR/OUTDR","SLEEPWEAR/LOUNGEWEAR","MENS ACTIVEWEAR","BOYS 8-20 CLOTHING","BEAUTY CARE","OUTDOOR LIVING","GENERAL HOUSEWARES","AS SEEN ON TV","SPIRITS","WINE","BEER","TOBACCO"
"PET SUPPLIES","TOBACCO"
"BEVERAGES","SPIRITS"
"PET SUPPLIES","SPIRITS","TOBACCO"
"HOUSEHOLD CLEANING","VIDEO GAMES"
"MASS COSMETICS","WINE","BEER"
"BEVERAGES"
"BEAUTY CARE"
"WINE"
"BEAUTY CARE","PET SUPPLIES","BEER"
"TOYS","BIKES"
"AUTOMOTIVE","PET SUPPLIES"
"TOBACCO"
"PET SUPPLIES","WINE"
"SEASONAL"
"HOUSEHOLD CLEANING"
"COMPUTER SOFTWARE","SPIRITS"
"CANDY","SPIRITS","WINE","TOBACCO"
"SPORTS NUTRITION","HOUSEHOLD CLEANING"
"HEALTH AIDS","PERSONAL CARE","GENERAL GROCERIES","BEVERAGES"
"SPIRITS"
"SMALL ELECTRICS"
"BEVERAGES","SPIRITS","BEER","TOBACCO"
"SPIRITS"
"SPIRITS","TOBACCO"
"WINE"
"PET SUPPLIES"
"SCHOOL/OFFIC SUPP","AMERICAN GREETINGS","SPORTS NUTRITION","BEVERAGES","CANDY"
"WINE"
"BEER"
"SPIRITS"
"HEALTH AIDS","SPORTS NUTRITION","GENERAL GROCERIES"
"SPIRITS","WINE"
"BEVERAGES","TOBACCO"
"SPIRITS"
"SPIRITS","WINE"
"BEVERAGES","SPIRITS","WINE"
"WINE"
"HOUSEHOLD CLEANING","BEVERAGES","CANDY","TOBACCO"
"HOUSEHOLD CLEANING","BATTERIES","SPIRITS","TOBACCO"
"CANDY","BEER"
"HEALTH AIDS","PERSONAL CARE","HOUSEHOLD CLEANING","GENERAL GROCERIES","BEVERAGES","CANDY"
"STATIONERY SUNDRIES","SPORTS NUTRITION","GLUES/TAPES/ACC"
"SPIRITS"
"AMERICAN GREETINGS","BEVERAGES"
"BATTERIES","GENERAL HARDWARE","POWER EQUIPMENT"
"MISSY KAREN SCOTT","PRESTIGE COSMETICS","SPIRITS","WINE"
"GENERAL GROCERIES","BEER"
"PET SUPPLIES","SPIRITS"
"SOUVENIR","AMERICAN GREETINGS","BEAUTY CARE","SEASONAL","GENERAL HARDWARE","CANDY"
"SPIRITS"
"SPIRITS","WINE"
"MENS ACTIVEWEAR","SPIRITS"
"SPIRITS","TOBACCO"
"WINE"
"MENS OUTDOOR","HEALTH AIDS","PERSONAL CARE"
"SPIRITS"
"GENERAL HARDWARE","GENERAL GROCERIES"
"HEALTH AIDS"
"SPIRITS"
"HOUSEHOLD CLEANING"
"GENERAL HARDWARE","CANDY","SPIRITS"
"PERSONAL CARE","BEVERAGES"
"PET SUPPLIES"
"SPIRITS","BEER"
"TOYS","SPIRITS","WINE"
"PERSONAL CARE","TEAM SPORTING GOODS"
"GENERAL GROCERIES","SPIRITS"
"MENS OUTDOOR","SPORTS NUTRITION","SEASONAL","TOBACCO"
"BEVERAGES","SPIRITS"
"GIRLS ACCESSORIES","AMERICAN GREETINGS","HEALTH AIDS","FLOOR CARE","CANDY","WINE"
"SPIRITS","BEER"
"PERSONAL CARE","SEASONAL","CANDY"
"TOYS","WINE"
"SPIRITS","WINE","BEER"
"GENERAL GROCERIES","CANDY"
"PERSONAL CARE","TOBACCO"
"WINE"
"STATIONERY SUNDRIES","AMERICAN GREETINGS","SPIRITS","WINE"
"WINE","BEER"
"WINE"
"HOUSEHOLD CLEANING"
"SPIRITS"
"HEALTH AIDS","TOBACCO"
"PET SUPPLIES","LAWN & GARDEN","SPIRITS","BEER"
"SPIRITS","TOBACCO"
"BEER","TOBACCO"
"MENS OUTDOOR","MENS ACTIVEWEAR","SPIRITS","WINE"
"AMERICAN GREETINGS","HEALTH AIDS","GENERAL GROCERIES","BEVERAGES","WINE"
"SPIRITS","WINE"
"MENS ACTIVEWEAR","MASS COSMETICS","HEALTH AIDS"
"MENS DENIM JEANS","AMERICAN GREETINGS","OUTDOOR LIVING","CANDY"
"BEVERAGES"
"DIGITAL FITNESS","BEVERAGES","SPIRITS","WINE"
"AMERICAN GREETINGS","BEVERAGES","TOBACCO"
"TEAM SPORTING GOODS","TOBACCO"
"HEALTH AIDS"
"SUNGLASSES","HEALTH AIDS"
"GEN SPORTING GOODS","HOUSEHOLD CLEANING","GENERAL GROCERIES","BEER"
"TOBACCO"
"STATIONERY SUNDRIES"
"SPIRITS"
"SPORTS NUTRITION"
"SEASONAL","VIDEO GAMES"
"SPIRITS"
"SPIRITS"
"HEALTH AIDS","SMALL ELECTRICS","HOUSEHOLD CLEANING","AS SEEN ON TV","GENERAL HARDWARE","TOBACCO"
"TOYS","SPIRITS"
"BEER"
"LAWN & GARDEN","TOBACCO"
"AMERICAN GREETINGS"
"MISSY KAREN SCOTT","MISSY TOPS","HOSIERY","WINE","BEER"
"NAVY PRIDE SOFTLINES","BEAUTY CARE","HOUSEHOLD CLEANING","PET SUPPLIES"
"WMNS PRESTIGE FRAG","CANDY"
"PET SUPPLIES"
"HOUSEHOLD CLEANING","CANDY"
"SPIRITS"
"PERSONAL CARE","FITNESS/EXERCISE","PET SUPPLIES"
"HEALTH AIDS","BEVERAGES"
"VALUE ZONE","WINE"
"FISHING","TOYS"
"BEVERAGES"
"HEALTH AIDS","VITAMINS & HLTH AIDS","AUDIO ELECTRONICS","GENERAL GROCERIES"
"AMERICAN GREETINGS","TEAM SPORTING GOODS","TOBACCO"
"JUNIOR DRESSES","DAYWEAR","MENS SPORT SHIRTS","INFANT APPAREL","AMERICAN GREETINGS","GENERAL HOUSEWARES","BATTERIES","PET SUPPLIES","SPIRITS","BEER"
"SPIRITS"
"TOYS","BIKES","SEASONAL"
"SPIRITS","WINE"
"LDS OUTERWEAR/OUTDR","BEAUTY CARE","PERSONAL CARE","SPIRITS"
"VITAMINS & HLTH AIDS","SPIRITS"
"BEER"
"BEER"
"HEALTH AIDS"
"SOUVENIR","BOYS 8-20 CLOTHING","GENERAL HOUSEWARES","SPIRITS"
"AUDIO ELECTRONICS"
"VITAMINS & HLTH AIDS","SPORTS NUTRITION","BEVERAGES","CANDY","SPIRITS"
"SPIRITS","WINE"
"CANDY"
"SPIRITS","BEER"
"MENS ACCESSORIES","WINE","BEER"
"BEVERAGES","SPIRITS"
"HEALTH AIDS","GENERAL GROCERIES","WINE"
"GENERAL GROCERIES"
"BEVERAGES","SPIRITS","WINE"
"SPIRITS"
"SPIRITS"
"GIRLS ACCESSORIES","HEALTH AIDS","SMALL ELECTRICS","CANDY","SPIRITS","WINE","BEER"
"TOBACCO"
"SEASONAL"
"SEASONAL","GENERAL HARDWARE"
"BARBER RETAIL","BEAUTY RETAIL","WINE"
"HOUSEHOLD CLEANING","SPIRITS"
"HEALTH AIDS","BEAUTY CARE","PERSONAL CARE","TOBACCO"
"HEALTH AIDS","SPIRITS","WINE"
"GENERAL GROCERIES","BEVERAGES","CANDY"
"CANDY"
"HEALTH AIDS","BEAUTY CARE"
"HEALTH AIDS","BEAUTY CARE","CANDY","WINE"
"GENERAL GROCERIES","BEVERAGES"
"PET SUPPLIES"
"SPIRITS","WINE","BEER"
"BEAUTY CARE","PERSONAL CARE","GENERAL GROCERIES","BEVERAGES","WINE"
"TOYS","SEASONAL","GENERAL HARDWARE","PET SUPPLIES","UNSCANNED ITEMS"
"SPIRITS","WINE"
"SPORTS NUTRITION","WINE"
"WINE"
"BEAUTY RETAIL","AMERICAN GREETINGS","BEAUTY CARE"
"BEER","TOBACCO"
"GENERAL HOUSEWARES","BEVERAGES","WINE","BEER"
"BEAUTY RETAIL","SCHOOL/OFFIC SUPP","MASS COSMETICS","SEASONAL","CANDY"
"SPIRITS"
"MENS ACCESSORIES","BEVERAGES","CANDY","SPIRITS"
"GENERAL GROCERIES","BEVERAGES"
"SPIRITS","BEER","TOBACCO"
"PERSONAL CARE","SEASONAL","HOUSEHOLD CLEANING","BEVERAGES","CANDY","WINE","TOBACCO"
"TOBACCO"
"SEASONAL","SPIRITS","WINE"
"TOYS","LAWN & GARDEN","SPIRITS","WINE","TOBACCO"
"CANDY","BEER"
"PERSONAL CARE"
"MENS DENIM JEANS","MENS FURNISHINGS","YOUNG MENS","SPIRITS"
"WINE"
"DIGITAL FITNESS","FITNESS/EXERCISE","BEVERAGES"
"WINE"
"GIRLS ACCESSORIES","TOYS","SEASONAL GIFTS","PET SUPPLIES","SPIRITS","WINE","BEER"
"SPIRITS"
"BEER"
"SPIRITS"
"AMERICAN GREETINGS","PERSONAL CARE","TOYS","WINE","TOBACCO"
"SPIRITS"
"SPIRITS"
"WINE","BEER"
"PET SUPPLIES","SPIRITS"
"SPIRITS"
"BEAUTY RETAIL","BEAUTY CARE","PET SUPPLIES","CANDY"
"NAVY PRIDE SOFTLINES","SPIRITS","BEER"
"SPIRITS"
"SPIRITS","WINE"
"WINE"
"PERSONAL CARE","PET SUPPLIES"
"WINE","BEER","TOBACCO"
"WINE"
"CANDY","SPIRITS","WINE","BEER"
"HEALTH AIDS","BEAUTY CARE","VITAMINS & HLTH AIDS","HOUSEHOLD CLEANING","PET SUPPLIES"
"MENS FURNISHINGS","TABLETOP","GENERAL HOUSEWARES","HOME ORG/SOLUTIONS","BATH","BEDDING","SPIRITS","TOBACCO"
"BEVERAGES"
"SPIRITS"
"SPIRITS"
"HEALTH AIDS","BEAUTY CARE","PERSONAL CARE","SPIRITS"
"WINE"
"GEN SPORTING GOODS"
"HEALTH AIDS","SPIRITS","WINE"
"BEVERAGES"
"LAWN & GARDEN","SPIRITS","BEER"
"BEVERAGES","SPIRITS"
"WINE","BEER"
"MENS FURNISHINGS","SPIRITS"
"WINE"
"SPIRITS","TOBACCO"
"HOUSEHOLD CLEANING","GENERAL HARDWARE","CANDY"
"WINE","BEER"
"SPIRITS"
"BEVERAGES","SPIRITS","BEER"
"PERSONAL CARE","TOBACCO"
"GENERAL GROCERIES","TOBACCO"
"SPIRITS"
"CANDY"
"SPIRITS"
"HEALTH AIDS","BEAUTY CARE","AUTOMOTIVE","GLUES/TAPES/ACC","PET SUPPLIES","BEVERAGES"
"SEASONAL"
"PET SUPPLIES"
"BEVERAGES"
"GLUES/TAPES/ACC","PET SUPPLIES"
"HEALTH AIDS","SPIRITS"
"WINE","BEER"
"HEALTH AIDS","PERSONAL CARE","FITNESS/EXERCISE","GENERAL GROCERIES","WINE"
"DIGITAL FITNESS","TOYS"
"CANDY","WINE"
"SPIRITS","BEER"
"MENS ATHLETIC SHOES","HEALTH AIDS","BEAUTY CARE"
"SPIRITS","WINE","BEER"
"SCHOOL/OFFIC SUPP","SEASONAL","THIRD PARTY GIFTCARD","CANDY","WINE","TOBACCO"
"SEASONAL"
"HEALTH AIDS","CANDY","SPIRITS","WINE"
"HEALTH AIDS","BEAUTY CARE","BEVERAGES","SPIRITS","BEER","TOBACCO"
"GEN SPORTING GOODS","HOUSEHOLD CLEANING"
"AMERICAN GREETINGS","TOYS"
"BEVERAGES","WINE","BEER","TOBACCO"
"BEVERAGES","WINE"
"SPIRITS","BEER"
"SPIRITS","BEER"
"BEAUTY CARE","PET SUPPLIES","BEVERAGES","CANDY"
"LAWN & GARDEN"
"TOYS"
"BEER"
"INFANT APPAREL","WATCHES","GENERAL HOUSEWARES","BEER"
"GEN SPORTING GOODS"
"TOBACCO"
"GENERAL GROCERIES","CANDY"
"SPIRITS"
"PRESTIGE COSMETICS","BEAUTY CARE","SPORTS NUTRITION","SEASONAL","PET SUPPLIES"
"FITNESS/EXERCISE"
"FITNESS/EXERCISE"
"MISC CUSTOM SERVICES","TOBACCO"
"TOBACCO"
"GIRLS ACCESSORIES","TOYS","SPIRITS","WINE"
"BEER"
"SPIRITS"
"HOUSEHOLD CLEANING","GENERAL GROCERIES","CANDY","TOBACCO"
"WINE","TOBACCO"
"TOYS","SEASONAL"
"GENERAL GROCERIES","SPIRITS"
"SPIRITS"
"PET SUPPLIES","SPIRITS","TOBACCO"
"GENERAL GROCERIES","BEVERAGES"
"PET SUPPLIES","BEER"
"SPORTS NUTRITION","HOUSEHOLD CLEANING","CANDY"
"SEASONAL","WINE"
"VENDING RETAIL","BEVERAGES","SPIRITS"
"BEVERAGES","WINE","BEER"
"BEER"
"HEALTH AIDS","BEAUTY CARE","HOUSEHOLD CLEANING"
"AMERICAN GREETINGS","FITNESS/EXERCISE","TABLETOP","GENERAL HOUSEWARES","WINE","BEER"
"PET SUPPLIES"
"SPIRITS","BEER"
"SPIRITS"
"HEALTH AIDS","HOUSEHOLD CLEANING","BEVERAGES","WINE","BEER"
"PET SUPPLIES","SPIRITS","BEER"
"SPIRITS"
"SPIRITS"
"GENERAL GROCERIES","BEVERAGES","WINE"
"SPORTS NUTRITION"
"SPIRITS","WINE"
"WINE"
"SPIRITS","TOBACCO"
"PET SUPPLIES"
"SPIRITS"
"HOUSEHOLD CLEANING","SPIRITS","WINE"
"PET SUPPLIES","TOBACCO"
"SPIRITS"
"BEER"
"MASS COSMETICS"
"HEALTH AIDS","BEAUTY CARE","PET SUPPLIES","WINE"
"SPIRITS"
"VALUE ZONE","WINE","BEER"
"MENS ACTIVEWEAR","BEDDING","CANDY"
"SPIRITS"
"HEALTH AIDS","PERSONAL CARE","SEASONAL GIFTS","TOBACCO"
"WINE"
"HEALTH AIDS","HOUSEHOLD CLEANING","BEVERAGES","SPIRITS"
"GENERAL GROCERIES","BEVERAGES"
"HEALTH AIDS","HOUSEHOLD CLEANING","GENERAL GROCERIES","SPIRITS"
"AMERICAN GREETINGS","HEALTH AIDS","VITAMINS & HLTH AIDS","HOUSEHOLD CLEANING","BEER"
"HOUSEHOLD CLEANING","GENERAL GROCERIES","CANDY"
"SMALL ELECTRICS","HOUSEHOLD CLEANING","PET SUPPLIES"
"DAYWEAR","HEALTH AIDS","SPORTS NUTRITION"
"BEAUTY RETAIL"
"AMERICAN GREETINGS","MASS COSMETICS","PRESTIGE COSMETICS","HOME/BATH","BEAUTY CARE","SPIRITS","WINE"
"AMERICAN GREETINGS"
"LAWN & GARDEN","SPIRITS","WINE"
"MISSY KAREN SCOTT"
"BEVERAGES","CANDY","BEER"
"PET SUPPLIES"
"MASS COSMETICS","BEAUTY CARE"
"BEVERAGES","CANDY"
"VITAMINS & HLTH AIDS","SPIRITS","BEER"
"BEVERAGES","SPIRITS","TOBACCO"
"HEALTH AIDS","HOUSEHOLD CLEANING"
"SPIRITS"
"DENIM COLLECTIONS","WOMENS ATHLTIC SHOES","MENS FURNISHINGS","YOUNG MENS","BEVERAGES","CANDY","SPIRITS","WINE"
"JUNIORS SURF","MODERATE DENIM","YOUNG MENS","GIRLS 7-16 CLOTHING","BEAUTY CARE","BEVERAGES","SPIRITS","TOBACCO"
"MISSY KAREN SCOTT","HANDBAGS","FASHION ACCESSORIES","MENS FURNISHINGS","MENS ACTIVEWEAR","MASS COSMETICS","SPORTS NUTRITION","SEASONAL","GENERAL HARDWARE","CANDY","SPIRITS","WINE"
"HEALTH AIDS","THIRD PARTY GIFTCARD","WINE"
"NAVY PRIDE HARDLINES","WATCHES","PERSONAL CARE","SPIRITS"
"TOYS"
"BEER"
"GENERAL GROCERIES","CANDY"
"CANDY"
"HEALTH AIDS","HOUSEHOLD CLEANING"
"HEALTH AIDS","WINE"
"WINE","BEER"
"BEAUTY CARE","CANDY"
"GENERAL HARDWARE"
"PERSONAL CARE","TOYS","HOUSEHOLD CLEANING"
"BEER"
"PET SUPPLIES"
"AMERICAN GREETINGS","MASS COSMETICS","PRESTIGE COSMETICS","TOYS"
"MENS FURNISHINGS","HOUSEHOLD CLEANING","PET SUPPLIES","SPIRITS"
"SPIRITS"
"SPIRITS","TOBACCO"
"TOBACCO"
"BEVERAGES","CANDY","BEER"
"BEVERAGES","SPIRITS","WINE"
"WINE"
"SPIRITS","BEER"
"SPIRITS","BEER"
"VITAMINS & HLTH AIDS","TOBACCO"
"HOUSEHOLD CLEANING"
"MENS FURNISHINGS","MENS SHOES","CANDY"
"MASS COSMETICS","SPIRITS"
"BEVERAGES"
"MENS SHOES","HEALTH AIDS","PERSONAL CARE","HOUSEHOLD CLEANING","BEVERAGES"
"SPORTS NUTRITION","GENERAL HARDWARE","BEVERAGES","BEER"
"SEASONAL"
"SMALL ELECTRICS","TOBACCO"
"SPIRITS"
"BEER"
"STATIONERY SUNDRIES","BEVERAGES","SPIRITS","WINE","TOBACCO"
"PEGABLES","NEWBORN APPAREL","BABY CARE","PERSONAL CARE","HOUSEHOLD CLEANING","PET SUPPLIES","SPIRITS","BEER"
"GEN SPORTING GOODS","HOUSEHOLD CLEANING","GENERAL GROCERIES","PERISHABLES"
"SPIRITS","BEER","TOBACCO"
"PET SUPPLIES","SPIRITS","TOBACCO"
"BEVERAGES","SPIRITS","TOBACCO"
"HEALTH AIDS","PERSONAL CARE","HOUSEHOLD CLEANING","BEVERAGES","PERISHABLES","SPIRITS"
"BEVERAGES","SPIRITS","TOBACCO"
"PET SUPPLIES"
"HEALTH AIDS","PERSONAL CARE","HOUSEHOLD CLEANING","GENERAL GROCERIES"
"HEALTH AIDS","TOBACCO"
"SPORTS NUTRITION","BEER"
"BEER"
"SPIRITS"
"PC HDWR & OFFICE EQP"
"BEER"
"BEAUTY CARE"
"AMERICAN GREETINGS","HOME/BATH","WINE"
"HEALTH AIDS","PERSONAL CARE"
"BEVERAGES","SPIRITS"
"SPIRITS","BEER"
"HOUSEHOLD CLEANING"
"BEAUTY CARE","PERSONAL CARE","BEVERAGES"
"SPIRITS"
"GIRLS 7-16 CLOTHING","SEASONAL"
"BEVERAGES"
"MENS ACCESSORIES","HEALTH AIDS","PERSONAL CARE","VITAMINS & HLTH AIDS","HOUSEHOLD CLEANING","SPIRITS"
"TOBACCO"
"TEAM SPORTING GOODS","TOBACCO"
"SEASONAL GIFTS","SPIRITS"
"SPIRITS"
"SPIRITS"
"TOBACCO"
"TOBACCO"
"HEALTH AIDS","PERSONAL CARE"
"SPIRITS"
"HEALTH AIDS","PERSONAL CARE","HOUSEHOLD CLEANING"
"HEALTH AIDS","CANDY"
"HEALTH AIDS"
"BEER"
"MASS COSMETICS","PERSONAL CARE"
"SPIRITS"
"SPIRITS"
"TOBACCO"
"PERSONAL CARE"
"MENS PRESTIGE FRAG","TOYS","BIKES"
"TELECOMMUNICATIONS","iPAD","SPIRITS","BEER"
"BEER"
"BABY CARE","BEAUTY CARE","PERSONAL CARE","GENERAL GROCERIES","BEER"
"BEVERAGES","SPIRITS"
"TOYS"
"SPIRITS","TOBACCO"
"SPIRITS"
"PET SUPPLIES","WINE"
"HEALTH AIDS","SPORTS NUTRITION","CANDY","TOBACCO"
"BEVERAGES","SPIRITS"
"HEALTH AIDS","HOUSEHOLD CLEANING","GENERAL GROCERIES","SPIRITS"
"BEVERAGES","SPIRITS","TOBACCO"
"HEALTH AIDS","BEER","TOBACCO"
"SMALL ELECTRICS","PET SUPPLIES"
"TEAM SPORTING GOODS","WINE"
"HEALTH AIDS","BEVERAGES"
"SPIRITS"
"CANDY","SPIRITS"
"SEASONAL GIFTS","CANDY"
"SPIRITS","BEER"
"SPORTS NUTRITION","SPIRITS"
"HEALTH AIDS","BEAUTY CARE","PERSONAL CARE","HOUSEHOLD CLEANING","GENERAL GROCERIES","BEVERAGES","CANDY","SPIRITS"
"AMERICAN GREETINGS","PERSONAL CARE","PET SUPPLIES","TOBACCO"
"GENERAL HOUSEWARES","WINE"
"HEALTH AIDS","PERSONAL CARE"
"HOUSEHOLD CLEANING"
"BEVERAGES","SPIRITS","WINE"
"MENS FURNISHINGS","CANDY"
"JUNIOR BOTTOMS","DENIM COLLECTIONS"
"GEN SPORTING GOODS"
"MENS ACTIVEWEAR","PET SUPPLIES","TOBACCO"
"BATH","GENERAL GROCERIES"
"BATH","GENERAL GROCERIES","BEVERAGES"
"SUNGLASSES"
"PRESTIGE COSMETICS","HOME/BATH"
"GENERAL GROCERIES","BEVERAGES","CANDY"
"SCHOOL/OFFIC SUPP"
"SPIRITS","TOBACCO"
"HOUSEHOLD CLEANING","GENERAL GROCERIES"
"PAPYRUS","MASS COSMETICS","SPIRITS","WINE"
"MENS ACCESSORIES","SMALL ELECTRICS"
"HOUSEHOLD CLEANING"
"THIRD PARTY GIFTCARD","BEVERAGES","BEER","TOBACCO"
"MENS OUTDOOR"
"PRESTIGE COSMETICS","PET SUPPLIES"
"HEALTH AIDS","PERSONAL CARE","BEER"
"WOMENS FTWR:DRS/CAS","SEASONAL GIFTS"
"LADIES ACTIVEWEAR","HOME/BATH","AUDIO ELECTRONICS","GENERAL HOUSEWARES"
"TELECOMMUNICATIONS","HEALTH AIDS","GEN SPORTING GOODS"
"BARBER RETAIL"
"AMERICAN GREETINGS","SEASONAL","CANDY"
"BEVERAGES","CANDY","TOBACCO"
"TODDLER GIRL APPAREL","SMALL ELECTRICS","BEDDING","CANDY","TOBACCO"
"THIRD PARTY GIFTCARD","TOBACCO"
"MENS OUTDOOR","NEWBORN APPAREL","TOYS","SEASONAL"
"BEVERAGES","CANDY","TOBACCO"
"MENS PRESTIGE FRAG"
"SLEEPWEAR/LOUNGEWEAR","GIRLS 7-16 CLOTHING","BOYS 8-20 CLOTHING"
"SPIRITS"
"TOBACCO"
"SCHOOL/OFFIC SUPP"
"WATCHES"
"SLEEPWEAR/LOUNGEWEAR","HOSIERY","SCHOOL/OFFIC SUPP","AMERICAN GREETINGS","BEAUTY CARE","HOME DECOR","CANDY","TOBACCO"
"CANDY"
"HEALTH AIDS"
"HEALTH AIDS","PERSONAL CARE","GEN SPORTING GOODS","TOBACCO"
"CANDY"
"SEASONAL GIFTS"
"TOBACCO"
"SCHOOL/OFFIC SUPP","GENERAL HOUSEWARES"
"MENS DENIM JEANS","MENS SHOES","MENS ATHLETIC SHOES"
"SEASONAL","BEVERAGES","CANDY"
"TOBACCO"
"MENS OUTERWEAR","MENS DENIM JEANS","MENS MODERN COLLECT"
"BEVERAGES","CANDY"
"BEVERAGES","SPIRITS","BEER","TOBACCO"
"HOSIERY"
"VIDEO ELECTRONICS","SMALL ELECTRICS"
"BEVERAGES"
"CANDY","TOBACCO"
"MENS DENIM JEANS","MENS OUTDOOR","GEN SPORTING GOODS"
"AMERICAN GREETINGS","MASS COSMETICS","BEAUTY CARE","GENERAL GROCERIES","BEVERAGES","CANDY","WINE"
"BEVERAGES"
"SPIRITS","WINE","BEER"
"CANDY"
"CANDY"
"JUNIOR TOPS","SMALL ELECTRICS"
"WOMENS FTWR:DRS/CAS","MNS TAILORED CLOTHNG","MENS CASUAL SLACKS","MENS DRESS SHIRTS","MENS ACCESSORIES","PRESTIGE COSMETICS"
"TOBACCO"
"BEVERAGES"
"SLEEPWEAR/LOUNGEWEAR","CHILDRENS FOOTWEAR"
"AMERICAN GREETINGS","HEALTH AIDS","WINE"
"STYLE & CO","PRESTIGE COSMETICS","HEALTH AIDS","PERSONAL CARE","HOUSEHOLD CLEANING"
"TOBACCO"
"CLASSIC COLLECTIONS"
"MENS DENIM JEANS"
"PEGABLES","NEWBORN APPAREL"
"INFANT APPAREL","TODDLER BOY APPAREL"
"MENS FURNISHINGS","AMERICAN GREETINGS","PERSONAL CARE","SEASONAL GIFTS","THIRD PARTY GIFTCARD","GENERAL HOUSEWARES","FLOOR CARE"
"GEN SPORTING GOODS"
"MISSY TOPS"
"BEAUTY CARE"
"PERSONAL CARE"
"TOBACCO"
"TOBACCO"
"HOME/BATH","BEAUTY CARE"
"MENS FURNISHINGS","TRAD COLLECTIONS","TOBACCO"
"MENS ACCESSORIES","MENS FURNISHINGS","MASS COSMETICS","HOME ORG/SOLUTIONS","GLUES/TAPES/ACC","PET SUPPLIES","BATH"
"PERSONAL CARE","GENERAL GROCERIES"
"PERSONAL CARE"
"PERSONAL CARE","BEVERAGES"
"GIRLS ACCESSORIES","TEAM SPORTING GOODS"
"BEVERAGES","PERISHABLES"
"HEALTH AIDS","TOBACCO"
"TOBACCO"
"SLEEPWEAR/LOUNGEWEAR","BOYS ACCESSORIES","BOYS 8-20 CLOTHING","HEALTH AIDS","PERSONAL CARE","TOYS","HOUSEHOLD CLEANING","BATTERIES","PET SUPPLIES","CANDY"
"HOUSEHOLD CLEANING"
"HEALTH AIDS","BABY CARE","HOUSEHOLD CLEANING","GENERAL HARDWARE","GENERAL GROCERIES","BEVERAGES","TOBACCO"
"BOYS ACCESSORIES","BOYS 8-20 CLOTHING"
"CANDY"
"SEASONAL","AUTOMOTIVE","GENERAL HARDWARE","PET SUPPLIES","TOBACCO"
"MISSY KAREN SCOTT","CLASSIC COLLECTIONS","SLEEPWEAR/LOUNGEWEAR","STATIONERY SUNDRIES","HEALTH AIDS","BEAUTY CARE","SMALL ELECTRICS","HOUSEHOLD CLEANING","LAWN & GARDEN","WINE"
"MENS DRESS SHIRTS","MENS ACCESSORIES"
"TOBACCO"
"BOOKS AND MAPS","BEVERAGES","CANDY"
"PRESTIGE COSMETICS"
"PERSONAL CARE","SEASONAL"
"BEAUTY CARE","GEN SPORTING GOODS","HOUSEHOLD CLEANING","BATTERIES"
"AMERICAN GREETINGS"
"THIRD PARTY GIFTCARD"
"WOMENS FTWR:DRS/CAS"
"TOBACCO"
"PERIODICALS/COMICS","WINE","TOBACCO"
"MENS ACCESSORIES","PERSONAL CARE","CANDY"
"WATCHES"
"VIDEO GAMES","BEVERAGES"
"CHILDRENS FOOTWEAR"
"BABY CARE","BEAUTY CARE","PERSONAL CARE","TOBACCO"
"HOME/BATH"
"TOBACCO"
"SPORTS NUTRITION","iPAD","CANDY"
"LDS OUTERWEAR/OUTDR"
"TOBACCO"
"BATTERIES"
"PET SUPPLIES","BEVERAGES"
"HOSIERY","MASS COSMETICS"
"HOME ORG/SOLUTIONS"
"HANDBAGS"
"BOYS 8-20 CLOTHING","SUNGLASSES"
"AMERICAN GREETINGS","SEASONAL","CANDY"
"PERSONAL CARE","BATTERIES","SPIRITS"
"HOSIERY","SMALL ELECTRICS","GENERAL HOUSEWARES"
"MENS ACCESSORIES"
"MENS FURNISHINGS","GENERAL HOUSEWARES"
"HEALTH AIDS","BEAUTY CARE","BATTERIES","TOBACCO"
"STYLE & CO","SLEEPWEAR/LOUNGEWEAR","HOSIERY","SMALL ELECTRICS","HOUSEHOLD CLEANING","SPIRITS","TOBACCO"
"SUNGLASSES","BEVERAGES"
"PERSONAL CARE","SEASONAL","SEASONAL GIFTS","PET SUPPLIES","CANDY"
"MENS FURNISHINGS","INFANT APPAREL","JUVENILLE FURNITURE"
"TELECOMMUNICATIONS","SUNGLASSES"
"SUNGLASSES"
"MENS FURNISHINGS","PERSONAL CARE","HOUSEHOLD CLEANING"
"SPIRITS"
"MENS DRESS SHIRTS"
"JUNIOR TOPS","BEAUTY CARE","PERSONAL CARE","HOUSEHOLD CLEANING","BEVERAGES","WINE","BEER"
"PRE-RECORDED A/V"
"TELEVISION"
"SCHOOL/OFFIC SUPP","NETWORKING"
"TOBACCO"
"PERSONAL CARE","TOBACCO"
"SPORTS NUTRITION","AUDIO ELECTRONICS","GENERAL HOUSEWARES","PET SUPPLIES","CANDY"
"SMALL ELECTRICS"
"WOMENS FTWR:DRS/CAS"
"JUNIOR TOPS","SMALL ELECTRICS","TOBACCO"
"TOBACCO"
"HOUSEHOLD CLEANING","BEVERAGES","TOBACCO"
"MENS DRESS SHIRTS","HEALTH AIDS"
"INFANT APPAREL","AMERICAN GREETINGS","SEASONAL GIFTS","GENERAL HOUSEWARES","CANDY","SPIRITS"
"HEALTH AIDS","HOUSEHOLD CLEANING","BATTERIES","BEVERAGES","CANDY","TOBACCO"
"TELECOMMUNICATIONS","TOBACCO"
"CHILDRENS FOOTWEAR"
"YOUNG MENS","MENS ATHLETIC SHOES"
"HOSIERY","GENERAL GROCERIES","CANDY","BEER"
"SCHOOL/OFFIC SUPP"
"MODERATE DENIM"
"AMERICAN GREETINGS"
"BATH"
"BABY CARE","BEVERAGES","CANDY"
"SPIRITS"
"PEGABLES","GIRLS 4-6X CLOTHING","CHILDRENS FOOTWEAR"
"PERSONAL CARE","TOYS","TOBACCO"
"YOUNG MENS","BEAUTY CARE","SEASONAL"
"HEALTH AIDS"
"MENS ACTIVEWEAR","PRESTIGE COSMETICS"
"HEALTH AIDS","PERSONAL CARE","CANDY"
"STATIONERY SUNDRIES","HEALTH AIDS","PET SUPPLIES","BEVERAGES","CANDY","WINE"
"BEAUTY CARE"
"FLORAL RETAIL","PEGABLES","SCHOOL/OFFIC SUPP","STATIONERY SUNDRIES","AMERICAN GREETINGS","HEALTH AIDS","BABY CARE","BEAUTY CARE","SEASONAL","HOUSEHOLD CLEANING"
"BEVERAGES"
"WAREHOUSED EXPENSES","MENS FURNISHINGS","BEVERAGES"
"BEVERAGES"
"MENS ACCESSORIES","BABY CARE","BEAUTY CARE","PERSONAL CARE"
"PEGABLES"
"FASHION ACCESSORIES","AMERICAN GREETINGS","PERIODICALS/COMICS","MASS COSMETICS","HEALTH AIDS","BEAUTY CARE","GENERAL GROCERIES","BEVERAGES","PERISHABLES","CANDY"
"CANDY"
"MENS ACCESSORIES","CANDY"
"MASS COSMETICS","HEALTH AIDS","PERSONAL CARE","CANDY","WINE"
"LADIES ACTIVEWEAR","NEWBORN APPAREL"
"SCHOOL/OFFIC SUPP","HEALTH AIDS","GLUES/TAPES/ACC"
"NEWBORN APPAREL","GIRLS ACCESSORIES"
"CANDY","TOBACCO"
"TOBACCO"
"BABY CARE","GEN SPORTING GOODS","GENERAL GROCERIES","BEVERAGES","CANDY","TOBACCO"
"BEVERAGES"
"SOUVENIR"
"SCHOOL/OFFIC SUPP","GLUES/TAPES/ACC"
"CANDY"
"NEWBORN APPAREL","BABY CARE"
"TOBACCO"
"CHILDRENS FOOTWEAR"
"TRAD COLLECTIONS"
"CANDY","SPIRITS","WINE","TOBACCO"
"PRESTIGE COSMETICS"
"AUDIO ELECTRONICS"
"BEVERAGES","TOBACCO"
"GENERAL GROCERIES","BEVERAGES"
"PETITE SEPARATES","DENIM COLLECTIONS","STATIONERY SUNDRIES","AMERICAN GREETINGS","CANDY","WINE"
"PRESTIGE COSMETICS"
"FASHION ACCESSORIES","SPIRITS"
"MISSY TOPS","MISSY BOTTOMS","WOMENS SEPARATES"
"TOBACCO"
"HANDBAGS","BABY CARE"
"MISSY TOPS","MENS OUTDOOR","TOYS"
"CANDY","TOBACCO"
"BARBER RETAIL","MENS ACCESSORIES","TELEVISION"
"GENERAL GROCERIES","CANDY","TOBACCO"
"AMERICAN GREETINGS","PRESTIGE COSMETICS"
"TOBACCO"
"JUNIORS SURF","JUNIOR TOPS","HEALTH AIDS","PERSONAL CARE","GENERAL GROCERIES","CANDY"
"SUNGLASSES"
"SCHOOL/OFFIC SUPP"
"LDS OUTERWEAR/OUTDR","AUTOMOTIVE"
"BEVERAGES"
"NAVY PRIDE SOFTLINES","SUNGLASSES"
"WMNS PRESTIGE FRAG","MENS PRESTIGE FRAG"
"TRAD COLLECTIONS"
"CANDY"
"MENS SPORT SHIRTS","BATH"
"NAVY PRIDE SOFTLINES","BRIDGE JEWELRY","DIGITAL FITNESS","SPIRITS","TOBACCO"
"TOBACCO"
"TOBACCO"
"WMNS PRESTIGE FRAG"
"BEVERAGES"
"FASHION ACCESSORIES"
"MENS DRESS SHIRTS","TODDLER GIRL APPAREL"
"LDS OUTERWEAR/OUTDR","HANDBAGS","PRESTIGE COSMETICS"
"GENERAL HOUSEWARES","TABLE TOP & KITCHEN","CANDY"
"FASHION ACCESSORIES","TOBACCO"
"SCHOOL/OFFIC SUPP","CANDY"
"TOBACCO"
"HEALTH AIDS","SEASONAL","HOUSEHOLD CLEANING"
"VITAMINS & HLTH AIDS","FITNESS/EXERCISE","HOUSEHOLD CLEANING"
"PC HDWR & OFFICE EQP"
"JUNIOR TOPS"
"SOUVENIR","TODDLER GIRL APPAREL","HOME/BATH","TOYS","SMALL ELECTRICS","TABLETOP","GENERAL HOUSEWARES"
"TOBACCO"
"HOME/BATH","THIRD PARTY GIFTCARD"
"MASS COSMETICS","HEALTH AIDS"
"CANDY"
"BEAUTY CARE","PERSONAL CARE","BEVERAGES"
"HOSIERY","MENS FURNISHINGS"
"BEAUTY CARE","PERSONAL CARE"
"HEALTH AIDS","PERSONAL CARE","BEVERAGES","SPIRITS"
"BEVERAGES"
"HEALTH AIDS","PC HDWR & OFFICE EQP","PET SUPPLIES","WINE"
"GIRLS ACCESSORIES","TOBACCO"
"TELEVISION"
"DAYWEAR","HOSIERY","WMNS PRESTIGE FRAG","HOME/BATH","SEASONAL GIFTS"
"JUNIOR DRESSES"
"SPIRITS","TOBACCO"
"SEASONAL GIFTS","BEER","TOBACCO"
"GENERAL HARDWARE","BEVERAGES","CANDY"
"PC PERIPH/OFFICE ACC"
"MENS SHOES","CHILDRENS FOOTWEAR"
"BOYS ACCESSORIES","BOYS 8-20 CLOTHING"
"SLEEPWEAR/LOUNGEWEAR"
"MENS OUTDOOR","TRAD COLLECTIONS","NEWBORN APPAREL","BOYS 4-7 CLOTHING","SCHOOL/OFFIC SUPP","COSTUME JEWELRY","GENERAL HOUSEWARES"
"TOBACCO"
"GENERAL GROCERIES","BEVERAGES","TOBACCO"
"GENERAL HARDWARE","TABLE TOP & KITCHEN"
"BEAUTY RETAIL","HOSIERY","MENS ACCESSORIES"
"WATCHES","GLUES/TAPES/ACC","BEVERAGES","CANDY","TOBACCO"
"TOBACCO"
"DAYWEAR","WOMENS FTWR:DRS/CAS","SUNGLASSES"
"BRIDGE JEWELRY","MASS COSMETICS","PRESTIGE COSMETICS","BEAUTY CARE"
"HOUSEHOLD CLEANING","PC HDWR & OFFICE EQP","NETWORKING","BEVERAGES"
"MENS ACTIVEWEAR","BABY CARE","SEASONAL","AUDIO ELECTRONICS","BEDDING"
"SUNGLASSES"
"LIFE STYLE DENIM"
"SOUVENIR","AMERICAN GREETINGS"
"INFANT APPAREL","HEALTH AIDS"
"PRESTIGE COSMETICS"
"VIDEO GAMES"
"LADIES DRESSES","FASHION ACCESSORIES"
"YOUNG MENS"
"SPORTS NUTRITION","HOUSEHOLD CLEANING","TOBACCO"
"MENS OUTDOOR","DIGITAL FITNESS"
"TOBACCO"
"MENS ACTIVEWEAR","CANDY","WINE"
"NAVY PRIDE HARDLINES","TELECOMMUNICATIONS"
"MISSY TOPS","HOSIERY","FASHION ACCESSORIES","TOBACCO"
"TOBACCO"
"MENS ACTIVEWEAR"
"GEN SPORTING GOODS","AS SEEN ON TV"
"NAVY PRIDE SOFTLINES"
"LDS OUTERWEAR/OUTDR","MISSY KAREN SCOTT","HANDBAGS","PRESTIGE COSMETICS"
"MENS ACTIVEWEAR","HOME ORG/SOLUTIONS"
"MENS OUTDOOR"
"GENERAL GROCERIES"
"BIKES","HOUSEHOLD CLEANING"
"BEVERAGES","CANDY"
"MISSY KAREN SCOTT","INFANT APPAREL","TOYS","SEASONAL GIFTS","SPIRITS"
"MENS MODERN COLLECT"
"CHILDRENS FOOTWEAR","AMERICAN GREETINGS","BEAUTY CARE"
"SMALL ELECTRICS"
"HANDBAGS"
"SMALL ELECTRICS","GENERAL GROCERIES"
"JUNIOR BOTTOMS","DENIM COLLECTIONS","STYLE & CO","HOSIERY","WOMENS FTWR:DRS/CAS","COSTUME JEWELRY","SEASONAL","HOME DECOR","GENERAL HOUSEWARES","CANDY"
"SMALL ELECTRICS","GENERAL HOUSEWARES","TABLE TOP & KITCHEN","BEDDING"
"SMALL ELECTRICS","COOKWARE"
"CANDY"
"STATIONERY SUNDRIES","FITNESS/EXERCISE","TOYS","WINE"
"HEALTH AIDS","PERSONAL CARE","HOUSEHOLD CLEANING"
"JUVENILLE FURNITURE"
"NEWBORN APPAREL","INFANT APPAREL","AS SEEN ON TV","CANDY","SPIRITS","BEER"
"HOSIERY","GIRLS 4-6X CLOTHING","BOYS 4-7 CLOTHING","BOYS ACCESSORIES"
"BEAUTY CARE","BATH"
"SPIRITS"
"BABY CARE"
"BABY CARE"
"AMERICAN GREETINGS","PET SUPPLIES","WINE"
"FOUNDATIONS","NEWBORN APPAREL","TODDLER GIRL APPAREL","SEASONAL GIFTS","FLOOR CARE"
"SLEEPWEAR/LOUNGEWEAR","HOSIERY","HANDBAGS","NEWBORN APPAREL","TODDLER BOY APPAREL","GIRLS 4-6X CLOTHING","CANDY"
"PEGABLES","NEWBORN APPAREL","INFANT APPAREL","CANDY","WINE"
"MENS OUTDOOR","MENS ACTIVEWEAR","HOME/BATH"
"MENS ACCESSORIES","MENS FURNISHINGS","HEALTH AIDS"
"HEALTH AIDS"
"CANDY"
"HEALTH AIDS","HOUSEHOLD CLEANING","BATTERIES","WINE"
"AMERICAN GREETINGS","MASS COSMETICS","TABLE TOP & KITCHEN","CANDY"
"MENS SHOES","BEVERAGES"
"MENS ACTIVEWEAR","MENS SHOES","HEALTH AIDS","HOUSEHOLD CLEANING","GENERAL GROCERIES","CANDY"
"SHAPEWEAR"
"BEVERAGES"
"AMERICAN GREETINGS","WMNS PRESTIGE FRAG"
"PERSONAL CARE"
"CHILDRENS FOOTWEAR","UNSCANNED ITEMS"
"MENS ACTIVEWEAR","SMALL ELECTRICS"
"SOUVENIR","MENS FURNISHINGS","AMERICAN GREETINGS","MASS COSMETICS","HEALTH AIDS","LAWN & GARDEN","CANDY"
"NAVY PRIDE HARDLINES","CANDY"
"HOME DECOR"
"SOUVENIR","HEALTH AIDS","BEAUTY CARE","HOUSEHOLD CLEANING","UNSCANNED ITEMS"
"YOUNG MENS","HOUSEHOLD CLEANING","PERISHABLES","CANDY","SPIRITS"
"PRESTIGE COSMETICS","BEAUTY CARE"
"PERSONAL CARE"
"HANDBAGS"
"WINE"
"MENS OUTERWEAR"
"PERSONAL CARE","HOUSEHOLD CLEANING","BEVERAGES","SPIRITS","BEER"
"BOYS ACCESSORIES","HOME DECOR","HOUSEHOLD CLEANING","AS SEEN ON TV"
"SLEEPWEAR/LOUNGEWEAR"
"VIDEO GAMES"
"BATH"
"GIRLS 7-16 CLOTHING","BOYS ACCESSORIES","AMERICAN GREETINGS","BEAUTY CARE","PERSONAL CARE","THIRD PARTY GIFTCARD"
"TODDLER GIRL APPAREL","BABY CARE","HOUSEHOLD CLEANING","PET SUPPLIES"
"THIRD PARTY GIFTCARD"
"THIRD PARTY GIFTCARD"
"SEASONAL","CANDY"
"BEAUTY CARE","HOUSEHOLD CLEANING","PET SUPPLIES","BEER"
"HEALTH AIDS"
"HOUSEHOLD CLEANING"
"LADIES ACTIVEWEAR"
"MASS COSMETICS"
"GENERAL GROCERIES","CANDY"
"AMERICAN GREETINGS","SEASONAL"
"LADIES ACTIVEWEAR","MENS ACTIVEWEAR","SEASONAL","HOUSEHOLD CLEANING","BATTERIES","CANDY"
"JUNIOR TOPS","JUNIOR BOTTOMS","MENS ACCESSORIES","MENS FURNISHINGS","CANDY"
"AMERICAN GREETINGS","SEASONAL","SEASONAL GIFTS","TOBACCO"
"STYLE & CO","DAYWEAR","HOSIERY"
"FOUNDATIONS"
"MENS ACCESSORIES"
"HOSIERY"
"YOUNG MENS","MASS COSMETICS","HOME/BATH","BEAUTY CARE","HOUSEHOLD CLEANING","GENERAL GROCERIES","SPIRITS"
"GENERAL HOUSEWARES","CANDY"
"HEALTH AIDS","BEAUTY CARE","PERSONAL CARE","GENERAL GROCERIES","BEVERAGES"
"BEAUTY CARE","FITNESS/EXERCISE"
"SMALL ELECTRICS"
"HEALTH AIDS","SMART HOME","BEVERAGES"
"AMERICAN GREETINGS"
"CAMERAS & EQUIP","AUDIO ELECTRONICS"
"FITNESS/EXERCISE","TOBACCO"
"BEAUTY CARE","BEVERAGES","TOBACCO"
"AMERICAN GREETINGS","TOYS","CANDY"
"HOUSEHOLD CLEANING","BEVERAGES"
"GENERAL HOUSEWARES"
"MENS FURNISHINGS","YOUNG MENS"
"SCHOOL/OFFIC SUPP","LUGGAGE"
"SCHOOL/OFFIC SUPP"
"BOOKS AND MAPS","TOYS","SPIRITS"
"GENERAL GROCERIES"
"SPIRITS"
"MENS FURNISHINGS"
"HEALTH AIDS","BEAUTY CARE","HOUSEHOLD CLEANING","BEVERAGES","CANDY"
"AMERICAN GREETINGS","SEASONAL","BATTERIES","CANDY"
"HANDBAGS","LIFE STYLE DENIM","MASS COSMETICS","HEALTH AIDS","BEAUTY CARE","TOYS","HOUSEHOLD CLEANING","GENERAL HOUSEWARES","TABLE TOP & KITCHEN","BATH","CANDY"
"JUNIOR TOPS","FASHION ACCESSORIES","YOUNG MENS"
"PEGABLES","NEWBORN APPAREL"
"PRESTIGE COSMETICS"
"PERSONAL CARE"
"BEAUTY CARE","SEASONAL GIFTS","GENERAL HOUSEWARES"
"MENS ATHLETIC SHOES"
"CANDY","SPIRITS","WINE"
"SCHOOL/OFFIC SUPP"
"TEAM SPORTING GOODS","GENERAL HARDWARE"
"BEVERAGES","TOBACCO"
"MENS OUTDOOR","WMNS PRESTIGE FRAG","PRESTIGE COSMETICS","CANDY"
"MENS CASUAL SLACKS","MENS ACTIVEWEAR"
"MISSY KAREN SCOTT","HANDBAGS"
"SPORTS NUTRITION","BEVERAGES","PERISHABLES"
"MISSY KAREN SCOTT","PETITE SEPARATES","LADIES ACTIVEWEAR","MENS FURNISHINGS","AMERICAN GREETINGS","PRESTIGE COSMETICS"
"MISSY BOTTOMS"
"LUGGAGE"
"PRESTIGE COSMETICS","BEAUTY CARE","CANDY"
"MASS COSMETICS","HEALTH AIDS","BEAUTY CARE","PERSONAL CARE"
"SCHOOL/OFFIC SUPP"
"LDS OUTERWEAR/OUTDR"
"CAMERAS & EQUIP","DIGITAL FITNESS","SPIRITS"
"TODDLER BOY APPAREL","BOYS ACCESSORIES","TOYS","SPIRITS"
"PERSONAL CARE","VITAMINS & HLTH AIDS","GENERAL GROCERIES"
"VITAMINS & HLTH AIDS","HOUSEHOLD CLEANING"
"SCHOOL/OFFIC SUPP","GENERAL HOUSEWARES","TABLE TOP & KITCHEN"
"TABLETOP","GENERAL HOUSEWARES","BATH"
"SOUVENIR","NAVY PRIDE HARDLINES","AMERICAN GREETINGS"
"BEVERAGES"
"BEAUTY RETAIL","MENS DRESS SHIRTS","HEALTH AIDS"
"WAREHOUSED EXPENSES","GIRLS 4-6X CLOTHING","GIRLS ACCESSORIES","SCHOOL/OFFIC SUPP","SEASONAL","THIRD PARTY GIFTCARD"
"JUNIOR TOPS","MISSY TOPS"
"SOUVENIR","JUNIOR TOPS"
"PERISHABLES"
"BEVERAGES"
"TOYS","SEASONAL","THIRD PARTY GIFTCARD","BEVERAGES"
"YOUNG MENS","SCHOOL/OFFIC SUPP"
"SMALL ELECTRICS"
"MASS COSMETICS","BEAUTY CARE","PERSONAL CARE"
"PC PERIPH/OFFICE ACC"
"MISSY TOPS","MISSY BOTTOMS","HANDBAGS"
"MENS FURNISHINGS","YOUNG MENS","WMNS PRESTIGE FRAG","PRESTIGE COSMETICS","MENS PRESTIGE FRAG"
"HOME DECOR","BEER"
"COSTUME JEWELRY","CANDY"
"CANDY","SPIRITS","WINE","BEER"
"SPIRITS"
"MENS FURNISHINGS","AMERICAN GREETINGS","AS SEEN ON TV","CANDY"
"CANDY"
"AS SEEN ON TV"
"HEALTH AIDS","GENERAL GROCERIES","CANDY"
"BABY CARE","BEVERAGES","CANDY"
"MENS DENIM JEANS","MENS ATHLETIC SHOES","CANDY"
"HEALTH AIDS","GENERAL GROCERIES","BEVERAGES","CANDY"
"BEVERAGES"
"MENS ACCESSORIES"
"SUNGLASSES","HOUSEHOLD CLEANING"
"SLEEPWEAR/LOUNGEWEAR","HOSIERY","CHILDRENS FOOTWEAR"
"MENS ATHLETIC SHOES"
"DAYWEAR","WOMENS FTWR:DRS/CAS","HOME DECOR","VIDEO GAMES"
"MENS SHOES","HEALTH AIDS","VALUE ZONE","PERSONAL CARE"
"FASHION ACCESSORIES","SCHOOL/OFFIC SUPP","HOUSEHOLD CLEANING","CANDY"
"MENS ACTIVEWEAR"
"HOUSEHOLD CLEANING","BEVERAGES","CANDY"
"HOME/BATH","SPORTS NUTRITION","BEVERAGES"
"TODDLER GIRL APPAREL","GIRLS ACCESSORIES"
"MENS ACTIVEWEAR"
"MENS ACTIVEWEAR"
"SCHOOL/OFFIC SUPP"
"MENS MODERN COLLECT","MENS ACCESSORIES"
"HEALTH AIDS","PERSONAL CARE","SPORTS NUTRITION"
"GIRLS 7-16 CLOTHING","CANDY","SPIRITS"
"MASS COSMETICS","BABY CARE","SPIRITS"
"HEALTH AIDS","PERSONAL CARE","BEVERAGES"
"WOMENS ATHLTIC SHOES"
"PRESTIGE COSMETICS"
"MENS DRESS SHIRTS","TOYS","OUTDOOR LIVING"
"SMALL ELECTRICS","AS SEEN ON TV","BEVERAGES"
"BEER"
"BEVERAGES"
"MASS COSMETICS","AUTOMOTIVE","OUTDOOR LIVING"
"STATIONERY SUNDRIES","AMERICAN GREETINGS","WINE"
"GENERAL GROCERIES"
"HOSIERY"
"HEALTH AIDS","BABY CARE","PERSONAL CARE","GENERAL HARDWARE","CANDY"
"BEVERAGES","CANDY"
"PERSONAL CARE"
"MENS ACTIVEWEAR"
"HEALTH AIDS","PERSONAL CARE","TOYS","CANDY"
"AS SEEN ON TV"
"LADIES ACTIVEWEAR","CANDY"
"MENS DENIM JEANS","MENS ACTIVEWEAR","BEAUTY CARE","PERSONAL CARE","HOUSEHOLD CLEANING"
"SEASONAL GIFTS"
"MENS ACCESSORIES","TRAD COLLECTIONS","MENS SHOES","PEGABLES","NAVY PRIDE HARDLINES","BEVERAGES"
"AMERICAN GREETINGS","MASS COSMETICS","PERSONAL CARE","VITAMINS & HLTH AIDS","TOYS","GENERAL HARDWARE","PET SUPPLIES","CANDY","WINE"
"AUTOMOTIVE"
"MENS FURNISHINGS","HEALTH AIDS"
"MENS ACTIVEWEAR","HEALTH AIDS","HOUSEHOLD CLEANING","SPIRITS","WINE","TOBACCO"
"MENS ACTIVEWEAR","HOME/BATH"
"HEALTH AIDS","PET SUPPLIES","LAWN & GARDEN"
"GENERAL GROCERIES","BEVERAGES","CANDY"
"GENERAL GROCERIES","BEVERAGES","CANDY"
"BEVERAGES"
"SPORTS NUTRITION","PET SUPPLIES"
"MENS MODERN COLLECT","BOYS 8-20 CLOTHING"
"TOBACCO"
"TODDLER GIRL APPAREL"
"MODERATE DENIM","TRAD COLLECTIONS"
"SUNGLASSES"
"BEAUTY CARE"
"PC HDWR & OFFICE EQP","CANDY"
"CANDY"
"BEAUTY CARE"
"MENS SHOES","HEALTH AIDS","PERSONAL CARE","GEN SPORTING GOODS","OUTDOOR LIVING","BATTERIES","BEVERAGES"
"HOME/BATH","HOUSEHOLD CLEANING"
"MENS DENIM JEANS","PET SUPPLIES","BEVERAGES","CANDY"
"SEASONAL GIFTS","GENERAL HOUSEWARES","CANDY","SPIRITS"
"BEVERAGES"
"BEVERAGES"
"SCHOOL/OFFIC SUPP","BIKES","GENERAL HOUSEWARES","PC PERIPH/OFFICE ACC"
"HEALTH AIDS","BEAUTY CARE","BEVERAGES"
"FASHION ACCESSORIES"
"TOYS","CANDY"
"SCHOOL/OFFIC SUPP"
"MENS FURNISHINGS","AMERICAN GREETINGS","HEALTH AIDS","PERSONAL CARE","GENERAL HARDWARE","SPIRITS"
"WOMENS ATHLTIC SHOES","MENS ACTIVEWEAR","PRESTIGE COSMETICS","HEALTH AIDS","BEAUTY CARE","VITAMINS & HLTH AIDS","LUGGAGE"
"LOCAL GIFTS/FOODS"
"HEALTH AIDS","PERSONAL CARE"
"HEALTH AIDS","SPIRITS"
"PET SUPPLIES","CANDY"
"HEALTH AIDS","HOUSEHOLD CLEANING"
"LADIES ACTIVEWEAR","PERSONAL CARE","CANDY"
"BEAUTY RETAIL","MISSY KAREN SCOTT","MENS SPORT SHIRTS","MENS ATHLETIC SHOES","WATCHES","CANDY"
"MENS PRESTIGE FRAG"
"CANDY"
"SPIRITS"
"MENS PRESTIGE FRAG"
"GENERAL HOUSEWARES"
"HOME/BATH"
"SUNGLASSES"
"LADIES ACTIVEWEAR"
"TELECOMMUNICATIONS","GEN SPORTING GOODS"
"MENS FURNISHINGS","SMALL ELECTRICS","HOME ORG/SOLUTIONS"
"HEALTH AIDS"
"PRESTIGE COSMETICS"
"WATCHES","GENERAL HOUSEWARES"
"WOMENS ATHLTIC SHOES","UNSCANNED ITEMS"
"FISHING","GEN SPORTING GOODS","BEVERAGES","CANDY","SPIRITS"
"MENS OUTDOOR"
"HEALTH AIDS","PET SUPPLIES"
"WOMENS ATHLTIC SHOES","MENS ATHLETIC SHOES"
"CANDY"
"HANDBAGS","WATCHES","MASS COSMETICS","PRESTIGE COSMETICS","HOME/BATH","HEALTH AIDS","BEAUTY CARE","SEASONAL","HOUSEHOLD CLEANING"
"CANDY"
"MISSY KAREN SCOTT","LIFE IS GOOD","PETITE SEPARATES","SLEEPWEAR/LOUNGEWEAR","MENS OUTDOOR","MENS ACTIVEWEAR","MASS COSMETICS","BEAUTY CARE","PERSONAL CARE","HOUSEHOLD CLEANING"
"MENS FURNISHINGS","MENS ACTIVEWEAR"
"SPIRITS"
"TOYS","BEVERAGES"
"AMERICAN GREETINGS"
"PERSONAL CARE","TOYS","LAWN & GARDEN"
"DAYWEAR","SMALL ELECTRICS","TABLETOP"
"HEALTH AIDS","HOUSEHOLD CLEANING"
"BEVERAGES","SPIRITS"
"MENS FURNISHINGS","NAVY PRIDE HARDLINES","HOUSEHOLD CLEANING","PET SUPPLIES","BEVERAGES","CANDY"
"HEALTH AIDS","GENERAL GROCERIES"
"PEGABLES","NEWBORN APPAREL","HEALTH AIDS","BABY CARE","PERSONAL CARE","HOUSEHOLD CLEANING","GENERAL HARDWARE","TABLE TOP & KITCHEN","BEVERAGES","CANDY","BEER"
"MISSY KAREN SCOTT","JUNIOR TOPS","MENS MODERN COLLECT","TRAD COLLECTIONS","CANDY"
"MENS FURNISHINGS","GENERAL HOUSEWARES"
"BEVERAGES"
"MENS CASUAL SLACKS","MENS DENIM JEANS","PERSONAL CARE","GENERAL GROCERIES","PERISHABLES","CANDY","WINE"
"MASS COSMETICS","HEALTH AIDS","BEAUTY CARE","PERSONAL CARE","BATH"
"TODDLER GIRL APPAREL","GIRLS 7-16 CLOTHING","GIRLS ACCESSORIES","CANDY"
"CANDY"
"MENS FURNISHINGS"
"AMERICAN GREETINGS","PERIODICALS/COMICS","BOOKS AND MAPS","SUNGLASSES","PRESTIGE COSMETICS","CANDY","SPIRITS","WINE"
"GENERAL GROCERIES","BEVERAGES","CANDY"
"LADIES MODERN COLLEC","HOSIERY","HANDBAGS","WOMENS FTWR:DRS/CAS","AMERICAN GREETINGS","BEDDING"
"TELECOMMUNICATIONS","SEASONAL"
"SOUVENIR","THIRD PARTY GIFTCARD","VIDEO GAMES","CANDY"
"BEAUTY RETAIL","MODERATE DENIM","VITAMINS & HLTH AIDS"
"HEALTH AIDS","VITAMINS & HLTH AIDS","PET SUPPLIES"
"MENS OUTDOOR"
"MASS FRAGRANCES","HOME/BATH","PERSONAL CARE"
"DAYWEAR","MENS ACTIVEWEAR","SCHOOL/OFFIC SUPP","BEAUTY CARE","PC PERIPH/OFFICE ACC"
"CANDY"
"GIRLS 4-6X CLOTHING","GIRLS 7-16 CLOTHING"
"HEALTH AIDS","BEAUTY CARE","PERSONAL CARE","TOYS","BATTERIES"
"NAVY PRIDE SOFTLINES"
"GEMSTONES","HEALTH AIDS","BEAUTY CARE","GENERAL HOUSEWARES","BEVERAGES"
"TOYS"
"SCHOOL/OFFIC SUPP","TOYS","BEVERAGES","CANDY"
"BEVERAGES"
"GEN SPORTING GOODS"
"JUNIOR TOPS","MENS ACCESSORIES"
"HEALTH AIDS","PC HDWR & OFFICE EQP"
"LIFE STYLE DENIM","MENS SPORT SHIRTS","YOUNG MENS","MENS ACTIVEWEAR","SPIRITS","WINE","BEER"
"SCHOOL/OFFIC SUPP"
"AMERICAN GREETINGS","WINE","BEER"
"TOYS"
"LDS OUTERWEAR/OUTDR","JUNIORS SURF","MENS FURNISHINGS","MENS ACTIVEWEAR","MENS ATHLETIC SHOES"
"CANDY"
"MENS FURNISHINGS","MENS ACTIVEWEAR","FITNESS/EXERCISE","HOUSEHOLD CLEANING"
"MENS FURNISHINGS","PERSONAL CARE","CANDY"
"FITNESS/EXERCISE"
"MENS ACTIVEWEAR"
"MENS FURNISHINGS"
"PERSONAL CARE","HOUSEHOLD CLEANING","AS SEEN ON TV","PC PERIPH/OFFICE ACC","BEVERAGES"
"BATH"
"BEAUTY CARE","HOUSEHOLD CLEANING","GENERAL GROCERIES","CANDY"
"MNS TAILORED CLOTHNG","MENS CASUAL SLACKS","MENS SPORT SHIRTS"
"SMALL ELECTRICS"
"FASHION ACCESSORIES","AMERICAN GREETINGS","BOOKS AND MAPS"
"TABLETOP"
"LIFE STYLE DENIM","YOUNG MENS"
"HOME/BATH","VIDEO GAMES"
"BEAUTY CARE","GEN SPORTING GOODS"
"HEALTH AIDS"
"PET SUPPLIES","CANDY"
"SCHOOL/OFFIC SUPP","HEALTH AIDS","BABY CARE","PERSONAL CARE","HOUSEHOLD CLEANING","GENERAL GROCERIES","BEVERAGES","CANDY"
"NAVY PRIDE HARDLINES"
"CANDY"
"LDS OUTERWEAR/OUTDR","BEVERAGES"
"HOME DECOR"
"HOSIERY","COSTUME JEWELRY"
"HEALTH AIDS","PERSONAL CARE"
"HEALTH AIDS","PERSONAL CARE","HOUSEHOLD CLEANING","BEVERAGES","CANDY","BEER"
"BOYS ACCESSORIES","CHILDRENS FOOTWEAR","SPIRITS"
"PC PERIPH/OFFICE ACC"
"MENS SHOES","BEAUTY CARE","BEER"
"BEAUTY RETAIL","PRESTIGE COSMETICS","BEAUTY CARE"
"PRESTIGE COSMETICS","LAWN & GARDEN","CANDY"
"BEER"
"AMERICAN GREETINGS","HEALTH AIDS"
"SOUVENIR","MENS SHOES","TELECOMMUNICATIONS","MASS COSMETICS"
"MISSY TOPS","MISSY BOTTOMS","SEASONAL","BEVERAGES","UNSCANNED ITEMS"
"AMERICAN GREETINGS"
"HEALTH AIDS","HOUSEHOLD CLEANING"
"BEVERAGES"
"AMERICAN GREETINGS","HEALTH AIDS","SPIRITS","WINE"
"TRAD COLLECTIONS"
"PET SUPPLIES"
"GENERAL GROCERIES","BEVERAGES"
"HOSIERY"
"THIRD PARTY GIFTCARD"
"LDS OUTERWEAR/OUTDR"
"MENS OUTDOOR","HEALTH AIDS","BABY CARE","BEVERAGES"
"MENS ACTIVEWEAR"
"HANDBAGS","AS SEEN ON TV","BEDDING"
"AMERICAN GREETINGS","HOUSEHOLD CLEANING"
"GENERAL GROCERIES","BEVERAGES","CANDY"
"SMALL ELECTRICS"
"MENS ACTIVEWEAR","SCHOOL/OFFIC SUPP","WATCHES","HOUSEHOLD CLEANING","CANDY","WINE"
"FLORAL RETAIL","STYLE & CO","SLEEPWEAR/LOUNGEWEAR","FASHION ACCESSORIES","HEALTH AIDS","BEAUTY CARE","SEASONAL","OUTDOOR LIVING","PET SUPPLIES","LAWN & GARDEN","CANDY"
"BEER"
"PETITE SEPARATES","CANDY"
"CANDY"
"YOUNG MENS","CANDY"
"HEALTH AIDS","PERSONAL CARE","GEN SPORTING GOODS"
"BEER"
"TEAM SPORTING GOODS","BEVERAGES"
"MENS FURNISHINGS","HEALTH AIDS"
"LOCAL GIFTS/FOODS","SCHOOL/OFFIC SUPP","AMERICAN GREETINGS","HEALTH AIDS","TOYS","SEASONAL","SMALL ELECTRICS","HOUSEHOLD CLEANING","PC HDWR & OFFICE EQP","GENERAL GROCERIES","CANDY"
"AS SEEN ON TV"
"MENS ACTIVEWEAR","AMERICAN GREETINGS"
"HEALTH AIDS"
"BEAUTY RETAIL","VALUE ZONE","BEAUTY CARE"
"SLEEPWEAR/LOUNGEWEAR"
"CANDY"
"HOUSEHOLD CLEANING"
"HEALTH AIDS","BEAUTY CARE","PERSONAL CARE","THIRD PARTY GIFTCARD","HOUSEHOLD CLEANING"
"MENS DENIM JEANS"
"STATIONERY SUNDRIES"
"MENS ACTIVEWEAR","AMERICAN GREETINGS","GENERAL GROCERIES","BEVERAGES","PERISHABLES","CANDY"
"HEALTH AIDS","PERSONAL CARE","VITAMINS & HLTH AIDS","PET SUPPLIES","BEVERAGES"
"VALUE ZONE","CANDY"
"CANDY"
"MASS COSMETICS","BEAUTY CARE","BEVERAGES","CANDY"
"MENS DENIM JEANS","MENS FURNISHINGS"
"TRAD COLLECTIONS","TOYS","BATTERIES"
"PRESTIGE COSMETICS","CANDY"
"SLEEPWEAR/LOUNGEWEAR","HOSIERY","FITNESS/EXERCISE","SEASONAL","LAWN & GARDEN","GENERAL GROCERIES","CANDY"
"AMERICAN GREETINGS","BEAUTY CARE","WINE"
"JUNIOR TOPS","AMERICAN GREETINGS","MASS COSMETICS","PRESTIGE COSMETICS","BEAUTY CARE","CANDY","SPIRITS","WINE"
"MISSY TOPS","WOMENS SEPARATES"
"TEAM SPORTING GOODS","SPIRITS"
"GENERAL GROCERIES","BEVERAGES","CANDY"
"MENS FURNISHINGS","YOUNG MENS","MENS ATHLETIC SHOES","TODDLER GIRL APPAREL","BOYS 8-20 CLOTHING","SMALL ELECTRICS","CANDY"
"NAVY PRIDE HARDLINES","PRESTIGE COSMETICS","BEAUTY CARE","TEAM SPORTING GOODS","THIRD PARTY GIFTCARD"
"HOUSEHOLD CLEANING"
"WOMENS FTWR:DRS/CAS"
"BABY CARE"
"SCHOOL/OFFIC SUPP","BEAUTY CARE","PERSONAL CARE","HOUSEHOLD CLEANING","AS SEEN ON TV","PET SUPPLIES","SPIRITS","TOBACCO"
"MENS FURNISHINGS","HEALTH AIDS","HOUSEHOLD CLEANING","PET SUPPLIES","BEDDING"
"SLEEPWEAR/LOUNGEWEAR","HOSIERY","SCHOOL/OFFIC SUPP","HEALTH AIDS","SPIRITS","WINE"
"PETITE SEPARATES","PRESTIGE COSMETICS"
"AMERICAN GREETINGS","BEAUTY CARE","BEVERAGES"
"DAYWEAR","SEASONAL GIFTS","SMALL ELECTRICS"
"MENS SPORT SHIRTS"
"MENS OUTERWEAR","MENS SPORT SHIRTS","MENS ACCESSORIES","TRAD COLLECTIONS","AS SEEN ON TV","WINE"
"MENS FURNISHINGS","YOUNG MENS","MENS SHOES","HEALTH AIDS","CANDY","WINE"
"WAREHOUSED EXPENSES","NAVY PRIDE SOFTLINES","AMERICAN GREETINGS","BABY CARE"
"LDS OUTERWEAR/OUTDR","LADIES ACTIVEWEAR","PC HARDWARE"
"BABY CARE","BEAUTY CARE","PERSONAL CARE"
"PERSONAL CARE","GEN SPORTING GOODS"
"PET SUPPLIES","BEVERAGES"
"HEALTH AIDS","BEAUTY CARE","PERSONAL CARE","CANDY"
"AMERICAN GREETINGS","BEAUTY CARE","SPIRITS","WINE"
"LADIES DRESSES","MASS COSMETICS","PERSONAL CARE","CANDY"
"HEALTH AIDS"
"FLORAL SERV/SUPPLIES","NEWBORN APPAREL","BABY CARE","HOUSEHOLD CLEANING"
"BEVERAGES"
"BEER"
"BEVERAGES"
"TEAM SPORTING GOODS"
"MENS FURNISHINGS","BEER"
"HEALTH AIDS","BEAUTY CARE","PERSONAL CARE","THIRD PARTY GIFTCARD"
"SUNGLASSES"
"LDS OUTERWEAR/OUTDR"
"COSTUME JEWELRY","GENERAL GROCERIES"
"MENS ACTIVEWEAR"
"MNS TAILORED CLOTHNG","TRAD COLLECTIONS","AMERICAN GREETINGS"
"MENS ACCESSORIES","AMERICAN GREETINGS","TOYS","BATTERIES","WINE"
"BEVERAGES"
"MENS FURNISHINGS"
"PERIODICALS/COMICS","HOME/BATH"
"NAVY PRIDE HARDLINES","GEN SPORTING GOODS","BEVERAGES","CANDY"
"AMERICAN GREETINGS","WMNS PRESTIGE FRAG","PERSONAL CARE","WINE"
"BEAUTY CARE","DIGITAL FITNESS","CANDY"
"BEVERAGES"
"WATCHES","PRESTIGE COSMETICS","CANDY","SPIRITS"
"MENS FURNISHINGS","HEALTH AIDS","GEN SPORTING GOODS","CANDY"
"GENERAL HOUSEWARES","PERISHABLES"
"NAVY PRIDE HARDLINES"
"JUNIOR TOPS","SPIRITS","WINE"
"CANDY"
"MENS DRESS SHIRTS"
"PERSONAL CARE"
"NAVY PRIDE SOFTLINES"
"HEALTH AIDS","PERSONAL CARE"
"INFANT APPAREL","BABY CARE"
"YOUNG MENS","HOUSEHOLD CLEANING","HOME TEXTILES"
"BEVERAGES"
"LADIES ACTIVEWEAR","INFANT APPAREL","GIRLS 7-16 CLOTHING","BOYS 4-7 CLOTHING","MASS COSMETICS","CANDY"
"HOME ORG/SOLUTIONS","BATH"
"MENS ATHLETIC SHOES","GENERAL HOUSEWARES"
"BABY CARE","PERSONAL CARE"
"FLORAL SERV/SUPPLIES"
"MENS ACTIVEWEAR"
"AMERICAN GREETINGS"
"MENS FURNISHINGS","MENS ATHLETIC SHOES","CANDY"
"LDS OUTERWEAR/OUTDR"
"CANDY"
"GOLD","WATCHES","HEALTH AIDS","BEAUTY CARE","PERSONAL CARE","HOUSEHOLD CLEANING","CANDY"
"WATCHES","BEAUTY CARE","HOUSEHOLD CLEANING"
"WATCHES","BEAUTY CARE","CANDY"
"MENS FURNISHINGS","CANDY"
"BEVERAGES"
"MENS OUTDOOR","GEN SPORTING GOODS","TOYS"
"FASHION ACCESSORIES"
"LDS OUTERWEAR/OUTDR","HANDBAGS","MENS FURNISHINGS","SCHOOL/OFFIC SUPP","AMERICAN GREETINGS","PAPYRUS","HEALTH AIDS","BEAUTY CARE","VITAMINS & HLTH AIDS","PRE-RECORDED A/V","SMALL ELECTRICS","HOUSEHOLD CLEANING","TABLE TOP & KITCHEN","CANDY"
"TRAD COLLECTIONS","BEAUTY CARE","PERSONAL CARE","SMALL ELECTRICS","LAWN & GARDEN","UNSCANNED ITEMS"
"LADIES MODERN COLLEC","HOSIERY","GENERAL HOUSEWARES"
"PERSONAL CARE","SPORTS NUTRITION"
"CANDY"
"VITAMINS & HLTH AIDS"
"MENS ACTIVEWEAR","BEAUTY CARE"
"CHILDRENS FOOTWEAR"
"CHILDRENS FOOTWEAR"
"JUNIOR TOPS"
"BEAUTY RETAIL","SPORTS NUTRITION","PET SUPPLIES","BEVERAGES"
"SPIRITS"
"BEAUTY RETAIL","AMERICAN GREETINGS","MASS COSMETICS","PRESTIGE COSMETICS","PERSONAL CARE","HOUSEHOLD CLEANING","LAWN & GARDEN"
"GEN SPORTING GOODS","BEDDING"
"SPIRITS"
"SCHOOL/OFFIC SUPP","AMERICAN GREETINGS","SPORTS NUTRITION","SMALL ELECTRICS","GENERAL GROCERIES","CANDY"
"BEDDING"
"HEALTH AIDS","BEAUTY CARE"
"GENERAL HARDWARE"
"MENS CASUAL SLACKS"
"MENS ACTIVEWEAR","BEVERAGES"
"GENERAL GROCERIES","BEVERAGES"
"CANDY"
"STATIONERY SUNDRIES","SEASONAL"
"GEN SPORTING GOODS","BEVERAGES"
"MENS ACTIVEWEAR","INFANT APPAREL","HEALTH AIDS","PERSONAL CARE"
"GEN SPORTING GOODS","HOUSEHOLD CLEANING"
"TOYS","SEASONAL"
"BEVERAGES","CANDY"
"HEALTH AIDS","HOUSEHOLD CLEANING"
"BEAUTY CARE","CANDY"
"BABY CARE"
"LDS OUTERWEAR/OUTDR"
"BEVERAGES"
"MASS COSMETICS","WMNS PRESTIGE FRAG","PRESTIGE COSMETICS","HOME/BATH"
"GENERAL HOUSEWARES","TABLE TOP & KITCHEN","BEDDING","CANDY"
"LDS OUTERWEAR/OUTDR","MISSY TOPS","SLEEPWEAR/LOUNGEWEAR","MENS SHOES"
"SLEEPWEAR/LOUNGEWEAR","SMALL ELECTRICS","CANDY"
"GENERAL GROCERIES","BEVERAGES"
"AMERICAN GREETINGS"
"HOME DECOR","SEASONAL GIFTS","THIRD PARTY GIFTCARD","BEER"
"CAMERAS & EQUIP"
"PEGABLES","NEWBORN APPAREL","INFANT APPAREL","BABY CARE","BEAUTY CARE","PERSONAL CARE","BEVERAGES"
"MENS DENIM JEANS"
"MISSY TOPS"
"BEAUTY RETAIL","STATIONERY SUNDRIES","AMERICAN GREETINGS","TELECOMMUNICATIONS","BEAUTY CARE","SPIRITS"
"MASS COSMETICS","HEALTH AIDS","BEAUTY CARE","PERSONAL CARE","GENERAL HARDWARE","BEVERAGES"
"SCHOOL/OFFIC SUPP","TABLETOP","HOUSEHOLD CLEANING"
"LOCAL GIFTS/FOODS","SLEEPWEAR/LOUNGEWEAR","HOSIERY","AMERICAN GREETINGS","THIRD PARTY GIFTCARD","AS SEEN ON TV","LAWN & GARDEN","CANDY","SPIRITS"
"BEVERAGES"
"CANDY"
"TODDLER GIRL APPAREL"
"GEN SPORTING GOODS","HOUSEHOLD CLEANING"
"HOSIERY","BEAUTY CARE","BEVERAGES","CANDY"
"INFANT APPAREL","WATCHES","BABY CARE"
"MENS SHOES","BOYS ACCESSORIES","HEALTH AIDS","PERSONAL CARE","TOYS","AUDIO ELECTRONICS","PET SUPPLIES","BEVERAGES","TOBACCO"
"WATCHES"
"HEALTH AIDS","HOUSEHOLD CLEANING","PC HDWR & OFFICE EQP","BEVERAGES"
"TODDLER GIRL APPAREL","BOYS 4-7 CLOTHING","BOYS ACCESSORIES","CHILDRENS FOOTWEAR","HOME DECOR","WINE"
"TOYS"
"MENS ACCESSORIES","GENERAL HOUSEWARES","BATH"
"MISSY TOPS","HOME ORG/SOLUTIONS","GENERAL GROCERIES","BEVERAGES"
"MISSY TOPS"
"AUTOMOTIVE","PRE-RECORDED A/V","BEVERAGES","CANDY"
"GIRLS 7-16 CLOTHING","TOYS"
"SCHOOL/OFFIC SUPP"
"MISSY TOPS","PETITE SEPARATES"
"SOUVENIR","HOME/BATH","HEALTH AIDS","PET SUPPLIES","BEVERAGES","CANDY"
"MENS SHOES","HEALTH AIDS","VITAMINS & HLTH AIDS","HOUSEHOLD CLEANING"
"DAYWEAR","MASS COSMETICS","PRESTIGE COSMETICS","SEASONAL"
"SLEEPWEAR/LOUNGEWEAR","PERSONAL CARE","AUTOMOTIVE","OUTDOOR LIVING","UNSCANNED ITEMS"
"MASS COSMETICS","HEALTH AIDS","HOUSEHOLD CLEANING","PET SUPPLIES"
"PETITE SEPARATES","HOSIERY","AMERICAN GREETINGS"
"HOUSEHOLD CLEANING"
"MASS COSMETICS","BEAUTY CARE","FISHING","BEVERAGES","CANDY","WINE"
"PERIODICALS/COMICS","HOUSEHOLD CLEANING"
"THIRD PARTY GIFTCARD"
"HEALTH AIDS"
"WOMENS FTWR:DRS/CAS"
"MISSY KAREN SCOTT","LIFE IS GOOD","BOYS 8-20 CLOTHING","COSTUME JEWELRY","MASS COSMETICS","BEAUTY CARE","TOYS"
"AUTOMOTIVE"
"BEVERAGES","CANDY"
"BEVERAGES"
"BEVERAGES","CANDY"
"GENERAL GROCERIES","BEVERAGES"
"AMERICAN GREETINGS","CANDY"
"PC HDWR & OFFICE EQP"
"AMERICAN GREETINGS","WINE"
"CANDY","WINE"
"HANDBAGS","FASHION ACCESSORIES"
"BEVERAGES"
"HOUSEHOLD CLEANING"
"HEALTH AIDS","PERSONAL CARE","GENERAL GROCERIES","BEVERAGES","CANDY"
"PERSONAL CARE","HOUSEHOLD CLEANING","GENERAL GROCERIES"
"LADIES ACTIVEWEAR","HOME/BATH","VALUE ZONE","HOUSEHOLD CLEANING","HOME ORG/SOLUTIONS","TABLE TOP & KITCHEN"
"HOME ORG/SOLUTIONS","GENERAL HARDWARE","POWER EQUIPMENT","BEDDING"
"SPIRITS"
"HOSIERY","FASHION ACCESSORIES","PRESTIGE COSMETICS","HEALTH AIDS","BEAUTY CARE","PERSONAL CARE","HOUSEHOLD CLEANING"
"BEER"
"TELECOMMUNICATIONS","TEAM SPORTING GOODS","HOUSEHOLD CLEANING","BEVERAGES","CANDY","SPIRITS","TOBACCO"
"SEASONAL","LAWN & GARDEN"
"CANDY"
"FOUNDATIONS","DAYWEAR","HOSIERY","GIRLS ACCESSORIES","NAVY PRIDE HARDLINES","MASS COSMETICS","BEAUTY CARE","VITAMINS & HLTH AIDS","HOME DECOR","SEASONAL GIFTS","HOUSEHOLD CLEANING","POWER EQUIPMENT","BEVERAGES","CANDY","SPIRITS","WINE"
"PERSONAL CARE","GEN SPORTING GOODS","BEVERAGES"
"HOME/BATH","BEVERAGES","SPIRITS","WINE"
"SPIRITS"
"MODERATE DENIM","MENS SHOES","CHILDRENS FOOTWEAR","MASS COSMETICS","HEALTH AIDS","BEAUTY CARE","PERSONAL CARE","HOME DECOR","GLUES/TAPES/ACC","CANDY"
"PERISHABLES","CANDY","BEER"
"PERSONAL CARE","HOUSEHOLD CLEANING","TABLE TOP & KITCHEN","HOME TEXTILES","GENERAL GROCERIES","BEVERAGES"
"PERSONAL CARE"
"AUTOMOTIVE","CANDY"
"BEAUTY CARE"
"TABLETOP"
"GENERAL HOUSEWARES","CANDY","WINE"
"PERSONAL CARE","CANDY"
"HEALTH AIDS","PERSONAL CARE","SPIRITS"
"HEALTH AIDS","PERSONAL CARE","HOUSEHOLD CLEANING","GENERAL GROCERIES","CANDY"
"MENS SHOES","NEWBORN APPAREL","TODDLER GIRL APPAREL","CHILDRENS FOOTWEAR","PERSONAL CARE"
"HOUSEHOLD CLEANING","PET SUPPLIES"
"TELECOMMUNICATIONS","BEVERAGES"
"PERSONAL CARE","HOUSEHOLD CLEANING"
"MASS COSMETICS","BEAUTY CARE","VIDEO GAMES","TOBACCO"
"MENS ACTIVEWEAR","HEALTH AIDS","GEN SPORTING GOODS","TEAM SPORTING GOODS","SPORTS NUTRITION"
"BEAUTY CARE"
"WAREHOUSED EXPENSES"
"HOUSEHOLD CLEANING","GENERAL GROCERIES","CANDY"
"TODDLER GIRL APPAREL"
"TOYS"
"AMERICAN GREETINGS"
"DAYWEAR","TOYS","SEASONAL"
"PEGABLES","AMERICAN GREETINGS","BEAUTY CARE","HOME DECOR"
"MENS OUTDOOR","BEVERAGES","CANDY"
"SEASONAL GIFTS","BEVERAGES"
"AMERICAN GREETINGS","THIRD PARTY GIFTCARD"
"BEVERAGES","SPIRITS"
"MENS ACTIVEWEAR","CHILDRENS FOOTWEAR"
"MENS FURNISHINGS","HEALTH AIDS","CANDY"
"HOUSEHOLD CLEANING"
"GENERAL GROCERIES","BEVERAGES"
"BEAUTY CARE","PERSONAL CARE"
"HOSIERY"
"COOKWARE","GENERAL HOUSEWARES"
"NEWBORN APPAREL","INFANT APPAREL","CHILDRENS FOOTWEAR","BABY CARE","SEASONAL"
"MISSY KAREN SCOTT","AMERICAN GREETINGS","GENERAL HOUSEWARES"
"BEAUTY CARE","CANDY"
"AS SEEN ON TV","GENERAL HARDWARE","BEVERAGES","PERISHABLES"
"BEVERAGES"
"PEGABLES"
"WOMENS FTWR:DRS/CAS"
"COOKWARE"
"PEGABLES","PRESTIGE COSMETICS","BEAUTY CARE"
"WOMENS FTWR:DRS/CAS"
"TOYS"
"PRESTIGE COSMETICS"
"STYLE & CO"
"OPPORTUNITY BUYS","TABLETOP","CANDY"
"HANDBAGS"
"HANDBAGS","UNSCANNED ITEMS"
"BIKES"
"LDS OUTERWEAR/OUTDR"
"LDS OUTERWEAR/OUTDR"
"BIKES"
"BIKES"
"MENS DENIM JEANS"
"JUNIOR TOPS"
"GIRLS 4-6X CLOTHING"
"DAYWEAR"
"PRESTIGE COSMETICS","MENS PRESTIGE FRAG"
"PETITE COLLECTIONS"
"OTHER DIRECT SERVICE"
"PEGABLES"
"WINE"
"BATH"
"BOYS ACCESSORIES"
"AMERICAN GREETINGS","SEASONAL GIFTS"
"MENS ACCESSORIES"
"FINANCIAL SERVICES"
"PERSONAL CARE"
"HOUSEHOLD CLEANING"
"SCHOOL/OFFIC SUPP"
"MENS ACTIVEWEAR"
"HANDBAGS"
"WOMENS FTWR:DRS/CAS"
"PET SUPPLIES"
"GENERAL HARDWARE"
"PERSONAL CARE","GENERAL GROCERIES","CANDY"
"PET SUPPLIES"
"MENS SPORT SHIRTS"
"HEALTH AIDS","BEAUTY CARE","PERSONAL CARE","SEASONAL","HOUSEHOLD CLEANING","CANDY"
"LDS OUTERWEAR/OUTDR","JUNIORS SURF","LADIES ACTIVEWEAR","SEASONAL","PET SUPPLIES"
"SUNGLASSES","CANDY"
"VIDEO GAMES"
"WINE"
"BOYS 8-20 CLOTHING"
"MENS SHOES"
"STATIONERY SUNDRIES"
"MENS ACTIVEWEAR"
"SUNGLASSES"
"WAREHOUSED EXPENSES"
"SUNGLASSES","UNSCANNED ITEMS"
"SMALL ELECTRICS"
"CHILDRENS FOOTWEAR"
"SMALL ELECTRICS"
"HANDBAGS"
"BIKES"
"WAREHOUSED EXPENSES"
"PRESTIGE COSMETICS"
"LDS OUTERWEAR/OUTDR"
"MENS OUTDOOR"
"LADIES ACTIVEWEAR"
"JUNIOR TOPS"
"SEASONAL"
"TABLE TOP & KITCHEN","CANDY"
"STYLE & CO","TOYS"
"WOMENS FTWR:DRS/CAS"
"OTHER DIRECT SERVICE"
"MENS ACTIVEWEAR"
"MENS FURNISHINGS"
"MENS CASUAL SLACKS"
"WOMENS FTWR:DRS/CAS"
"JUNIOR BOTTOMS","MENS ACTIVEWEAR"
"GIRLS 7-16 CLOTHING","GIRLS ACCESSORIES","BOYS 4-7 CLOTHING"
"SPIRITS","BEER"
"TODDLER BOY APPAREL","GIRLS 7-16 CLOTHING"
"CANDY"
"WAREHOUSED EXPENSES"
"MISSY KAREN SCOTT"
"PERSONAL CARE"
"MNS TAILORED CLOTHNG","MENS DRESS SHIRTS"
"SLEEPWEAR/LOUNGEWEAR"
"MODERATE DENIM"
"CANDY"
"BEVERAGES"
"SPIRITS","WINE"
"SMALL ELECTRICS"
"MENS OUTERWEAR","MENS SPORT SHIRTS"
"WOMENS FTWR:DRS/CAS"
"TELECOMMUNICATIONS"
"LDS OUTERWEAR/OUTDR"
"LADIES ACTIVEWEAR","HOSIERY"
"BEDDING"
"BEVERAGES"
"LDS OUTERWEAR/OUTDR"
"TRAD COLLECTIONS","MENS PRESTIGE FRAG"
"MENS ACTIVEWEAR","HEALTH AIDS"
"TELECOMMUNICATIONS","GEN SPORTING GOODS","SMALL ELECTRICS","SPIRITS","UNSCANNED ITEMS"
"PET SUPPLIES","BEVERAGES","SPIRITS"
"FOUNDATIONS"
"PERSONAL CARE"
"TOYS"
"HOME ORG/SOLUTIONS"
"INFANT APPAREL"
"BEAUTY CARE","PERSONAL CARE"
"SMALL ELECTRICS"
"MASS COSMETICS"
"TOYS"
"HANDBAGS","CHILDRENS FOOTWEAR"
"CHILDRENS FOOTWEAR"
"CHILDRENS FOOTWEAR"
"SEASONAL"
"SEASONAL"
"BABY CARE"
"LADIES MODERN COLLEC","PRESTIGE COSMETICS"
"SEASONAL"
"JUNIOR TOPS","JUNIOR BOTTOMS","HOSIERY","BEAUTY CARE","THIRD PARTY GIFTCARD","HOUSEHOLD CLEANING"
"HOUSEHOLD CLEANING","CANDY"
"PRESTIGE COSMETICS"
"CHILDRENS FOOTWEAR"
"TODDLER GIRL APPAREL","GIRLS 4-6X CLOTHING"
"FINANCIAL SERVICES"
"FINANCIAL SERVICES"
"FINANCIAL SERVICES"
"BOYS 8-20 CLOTHING"
"LDS OUTERWEAR/OUTDR","FASHION ACCESSORIES"
"SUNGLASSES"
"LUGGAGE"
"SOUVENIR","AMERICAN GREETINGS","HOME/BATH"
"WOMENS FTWR:DRS/CAS"
"SEASONAL"
"GIFTS"
"AMERICAN GREETINGS","VITAMINS & HLTH AIDS"
"CHILDRENS FOOTWEAR","UNSCANNED ITEMS"
"OTHER DIRECT SERVICE"
"WOMENS ATHLTIC SHOES"
"BOYS ACCESSORIES","SCHOOL/OFFIC SUPP"
"YOUNG MENS"
"DAYWEAR"
"HEALTH AIDS"
"PRESTIGE COSMETICS"
"TOYS"
"BEVERAGES"
"WOMENS ATHLTIC SHOES"
"LADIES ACTIVEWEAR"
"MENS OUTDOOR"
"FINANCIAL SERVICES"
"NETWORKING"
"MISSY KAREN SCOTT","MISSY TOPS"
"MISSY KAREN SCOTT","MENS OUTERWEAR"
"LDS OUTERWEAR/OUTDR"
"CANDY","BEER"
"GIRLS 7-16 CLOTHING","GIRLS ACCESSORIES"
"PEGABLES"
"YOUNG MENS","MENS ACTIVEWEAR","BEVERAGES"
"MENS FURNISHINGS"
"FLOOR CARE","CANDY"
"FINANCIAL SERVICES"
"TRAD COLLECTIONS"
"CANDY"
"BEVERAGES"
"MENS ATHLETIC SHOES"
"HEALTH AIDS"
"MENS SHOES"
"WOMENS FTWR:DRS/CAS"
"GEN SPORTING GOODS","AUTOMOTIVE"
"FINANCIAL SERVICES"
"LDS OUTERWEAR/OUTDR"
"HOUSEHOLD CLEANING","PET SUPPLIES","BEVERAGES"
"FINANCIAL SERVICES"
"MENS ATHLETIC SHOES"
"JUNIOR TOPS","JUNIOR DRESSES","INFANT APPAREL"
"LDS OUTERWEAR/OUTDR","MENS OUTDOOR"
"SMALL ELECTRICS"
"GENERAL HARDWARE"
"MODERATE DENIM"
"MENS FURNISHINGS"
"SEASONAL","BEVERAGES","CANDY"
"LAWN & GARDEN"
"SMALL ELECTRICS"
"AUDIO ELECTRONICS"
"PERSONAL CARE"
"LAWN & GARDEN"
"SEASONAL","LAWN & GARDEN"
"SPIRITS"
"WINE"
"WINE"
"AMERICAN GREETINGS","LAWN & GARDEN"
"STATIONERY SUNDRIES","SEASONAL","LAWN & GARDEN"
"BEAUTY CARE","SEASONAL","AUTOMOTIVE"
"SPIRITS"
"LAWN & GARDEN"
"HEALTH AIDS","CANDY"
"LAWN & GARDEN"
"SEASONAL"
"LAWN & GARDEN"
"BEVERAGES","SPIRITS"
"LAWN & GARDEN","SPIRITS"
"HEALTH AIDS","GLUES/TAPES/ACC"
"SPIRITS"
"BIKES"
"HEALTH AIDS","SMALL ELECTRICS","WINE"
"OUTDOOR LIVING"
"SEASONAL","UNSCANNED ITEMS"
"SPIRITS"
"SEASONAL","PET SUPPLIES"
"SPIRITS"
"SPIRITS","TOBACCO"
"SEASONAL"
"SEASONAL","PRE-RECORDED A/V","LAWN & GARDEN"
"SEASONAL","GENERAL HARDWARE"
"BEVERAGES"
"SPIRITS","WINE","BEER"
"LAWN & GARDEN"
"LAWN & GARDEN"
"SEASONAL"
"AS SEEN ON TV"
"BEDDING"
"HOUSEHOLD CLEANING"
"SEASONAL"
"SEASONAL","PET SUPPLIES"
"SEASONAL","LAWN & GARDEN"
"MISSY KAREN SCOTT"
"SEASONAL","SPIRITS","WINE"
"WOMENS FTWR:DRS/CAS"
"BIKES"
"SEASONAL","LAWN & GARDEN"
"SEASONAL"
"BEER"
"AS SEEN ON TV"
"BEER"
"SEASONAL"
"SPIRITS","WINE"
"LAWN & GARDEN"
"LAWN & GARDEN"
"WINE"
"OUTDOOR LIVING"
"SPIRITS"
"STATIONERY SUNDRIES","SPIRITS"
"STATIONERY SUNDRIES"
"MASS COSMETICS","SEASONAL","CANDY"
"TEAM SPORTING GOODS","SPIRITS","BEER"
"OUTDOOR LIVING"
"BEAUTY RETAIL","BEAUTY CARE","PERSONAL CARE","LAWN & GARDEN"
"TOYS"
"TOYS","CANDY"
"SPIRITS"
"HEALTH AIDS","TOYS","SEASONAL","OUTDOOR LIVING","GLUES/TAPES/ACC","GENERAL HARDWARE"
"AS SEEN ON TV"
"BOOKS AND MAPS","LAWN & GARDEN"
"PET SUPPLIES"
"SEASONAL","GENERAL HARDWARE"
"TOYS"
"GENERAL HARDWARE"
"LAWN & GARDEN"
"SEASONAL"
"LAWN & GARDEN","CANDY"
"SEASONAL","BEVERAGES"
"TRAD COLLECTIONS","MASS COSMETICS","PRESTIGE COSMETICS","HEALTH AIDS","BEAUTY CARE","PERSONAL CARE"
"SPIRITS"
"LDS OUTERWEAR/OUTDR","BEER"
"SPIRITS"
"SPIRITS"
"LAWN & GARDEN"
"GENERAL GROCERIES"
"TOYS"
"PET SUPPLIES","UNSCANNED ITEMS"
"SPIRITS"
"LAWN & GARDEN"
"LAWN & GARDEN"
"SEASONAL","GENERAL HARDWARE"
"LAWN & GARDEN"
"LAWN & GARDEN"
"LAWN & GARDEN"
"SMALL ELECTRICS","GENERAL HOUSEWARES","LAWN & GARDEN","SPIRITS"
"STATIONERY SUNDRIES","SEASONAL"
"TOYS","SEASONAL"
"SEASONAL"
"HANDBAGS","SUNGLASSES"
"SUNGLASSES"
"WATCHES"
"WATCHES"
"WATCHES"
"CONSIGNMENT WATCHES","WATCHES"
"WATCHES"
"WATCHES"
"BEVERAGES","CANDY"
"SUNGLASSES"
"REPAIRS"
"WATCHES"
"AMERICAN GREETINGS","BRIDGE JEWELRY"
"HOSIERY"
"BRIDGE JEWELRY"
"BRIDGE JEWELRY"
"BRIDGE JEWELRY"
"BRIDGE JEWELRY"
"TRAD COLLECTIONS"
"SCHOOL/OFFIC SUPP","AMERICAN GREETINGS","COSTUME JEWELRY"
"BRIDGE JEWELRY"
"DIAMONDS/BRIDAL"
"DIAMONDS/BRIDAL","JEWELRY CONSIGNMENT"
"BRIDGE JEWELRY"
"BRIDGE JEWELRY"
"GOLD","GEMSTONES"
"BRIDGE JEWELRY"
"BRIDGE JEWELRY"
"DIAMONDS/BRIDAL"
"DIAMONDS/BRIDAL"
"BRIDGE JEWELRY"
"BRIDGE JEWELRY","DIAMONDS/BRIDAL"
"HANDBAGS","BRIDGE JEWELRY"
"DIAMONDS/BRIDAL","JEWELRY CONSIGNMENT"
"JEWELRY CONSIGNMENT"
"BRIDGE JEWELRY"
"GEMSTONES"
"GOLD"
"BRIDGE JEWELRY"
"GEMSTONES"
"BRIDGE JEWELRY"
"BRIDGE JEWELRY"
"BRIDGE JEWELRY"
"GOLD","DIAMONDS/BRIDAL"
"YOUNG MENS"
"BRIDGE JEWELRY"
"GOLD"
"MENS FURNISHINGS","MENS SHOES","MENS ATHLETIC SHOES","BOYS ACCESSORIES","BEAUTY CARE","TELEVISION","AS SEEN ON TV","PET SUPPLIES"
"TELEVISION"
"AUDIO ELECTRONICS"
"TELEVISION"
"CAMERAS & EQUIP"
"SMART HOME"
"MENS ATHLETIC SHOES"
"CAMERAS & EQUIP","FLOOR CARE"
"BEAUTY CARE","SEASONAL GIFTS","HOUSEHOLD CLEANING"
"SCHOOL/OFFIC SUPP","HEALTH AIDS"
"AUDIO ELECTRONICS"
"FLOOR CARE"
"SMALL ELECTRICS"
"TELEVISION"
"TELEVISION","VIDEO ELECTRONICS"
"DAYWEAR","TABLETOP","COOKWARE","TABLE TOP & KITCHEN","TOBACCO"
"AUDIO ELECTRONICS"
"PC HDWR & OFFICE EQP"
"SCHOOL/OFFIC SUPP"
"PAPYRUS","GEN SPORTING GOODS","SMALL ELECTRICS","BATTERIES","PC PERIPH/OFFICE ACC","BEVERAGES"
"MENS OUTDOOR","PC PERIPH/OFFICE ACC"
"iPAD"
"WOMENS ATHLTIC SHOES","MENS SHOES","DIMAGE/PHONE/GPS/ACC"
"TELEVISION","PC HDWR & OFFICE EQP","PC HARDWARE"
"SHAPEWEAR","DAYWEAR","AMERICAN GREETINGS","VIDEO ELECTRONICS"
"CAMERAS & EQUIP","TELECOMMUNICATIONS"
"PRE-RECORDED A/V"
"COOKWARE","GENERAL HOUSEWARES"
"TELEVISION"
"TELEVISION"
"TELEVISION"
"PRE-RECORDED A/V"
"BARBER SERVICES"
"BARBER SERVICES"
"BARBER SERVICES"
"BARBER SERVICES"
"BARBER SERVICES"
"BARBER SERVICES"
"BARBER SERVICES"
"BARBER SERVICES"
"BARBER SERVICES"
"BARBER SERVICES"
"BARBER SERVICES"
"BARBER SERVICES"
"BARBER SERVICES"
"BARBER SERVICES"
"BARBER SERVICES"
"BARBER SERVICES"
"BARBER SERVICES"
"BARBER SERVICES"
"BARBER SERVICES"
"BARBER SERVICES"
"BARBER SERVICES"
"BARBER SERVICES"
"BARBER SERVICES"
"BARBER SERVICES"
"BARBER SERVICES"
"BARBER SERVICES"
"BARBER SERVICES"
"BARBER SERVICES"
"BARBER SERVICES"
"BARBER SERVICES"
"BARBER SERVICES"
"BARBER SERVICES"
"BARBER RETAIL","BARBER SERVICES"
"BARBER SERVICES"
"BARBER SERVICES"
"BARBER SERVICES"
"BARBER SERVICES"
"BARBER SERVICES"
"BARBER SERVICES"
"BARBER SERVICES"
"BARBER SERVICES"
"BARBER SERVICES"
"BARBER SERVICES"
"BARBER SERVICES"
"BARBER SERVICES"
"BARBER SERVICES"
"BARBER SERVICES"
"BARBER SERVICES"
"BARBER SERVICES"
"BARBER SERVICES"
"BARBER SERVICES"
"BARBER SERVICES"
"BARBER SERVICES"
"BARBER SERVICES"
"BARBER SERVICES"
"BARBER SERVICES"
"BARBER SERVICES"
"BARBER SERVICES"
"BARBER SERVICES"
"BEVERAGES"
"BARBER SERVICES"
"BARBER SERVICES"
"BARBER SERVICES"
"BARBER SERVICES"
"BARBER SERVICES"
"BARBER SERVICES"
"BARBER SERVICES"
"BARBER SERVICES"
"BARBER SERVICES"
"BARBER SERVICES"
"BARBER SERVICES"
"BARBER SERVICES"
"BARBER SERVICES"
"BARBER SERVICES"
"BARBER SERVICES"
"BARBER SERVICES"
"BARBER SERVICES"
"BARBER SERVICES"
"BARBER SERVICES"
"BARBER SERVICES"
"BARBER SERVICES"
"BARBER SERVICES"
"BARBER SERVICES"
"BARBER SERVICES"
"BARBER SERVICES"
"BARBER SERVICES"
"BARBER SERVICES"
"BARBER SERVICES"
"BARBER SERVICES"
"BARBER SERVICES"
"BARBER SERVICES"
"BARBER SERVICES"
"BARBER SERVICES"
"BARBER SERVICES"
"BARBER SERVICES"
"BARBER SERVICES"
"BARBER SERVICES"
"BARBER SERVICES"
"BARBER SERVICES"
"BARBER SERVICES"
"BARBER SERVICES"
"BARBER SERVICES"
"BARBER RETAIL"
"BARBER SERVICES"
"BARBER SERVICES"
"BARBER SERVICES"
"BARBER SERVICES"
"BARBER SERVICES"
"BARBER SERVICES"
"BARBER SERVICES"
"BARBER SERVICES"
"BARBER SERVICES"
"BARBER SERVICES"
"BARBER SERVICES"
"BEVERAGES"
"FLORAL RETAIL"
"FLORAL RETAIL"
"SOUVENIR","NAVY PRIDE HARDLINES"
"BEVERAGES","CANDY"
"OTHER DIRECT SERVICE"
"FLORAL SERV/SUPPLIES"
"GENERAL GROCERIES","BEVERAGES"
"BEVERAGES"
"FLORAL RETAIL"
"AMERICAN GREETINGS"
"PRESTIGE COSMETICS","LAWN & GARDEN"
"GENERAL GROCERIES"
"FLORAL SERV/SUPPLIES"
"FLORAL SERV/SUPPLIES"
"SOUVENIR"
"FLORAL SERV/SUPPLIES","AMERICAN GREETINGS","WINE"
"FLORAL SERV/SUPPLIES","GENERAL HARDWARE"
"BEVERAGES"
"FLORAL SERV/SUPPLIES","AMERICAN GREETINGS"
"BOYS ACCESSORIES","FLOOR CARE"
"MENS ATHLETIC SHOES"
"SCHOOL/OFFIC SUPP"
"SEASONAL GIFTS"
"GENERAL HOUSEWARES"
"SMALL ELECTRICS","BEVERAGES","CANDY"
"DIMAGE/PHONE/GPS/ACC"
"SCHOOL/OFFIC SUPP"
"AUDIO ELECTRONICS"
"CAMERAS & EQUIP"
"TELEVISION"
"HOME DECOR"
"VIDEO GAMES"
"CAMERAS & EQUIP"
"PC PERIPH/OFFICE ACC"
"GIRLS ACCESSORIES"
"NEWBORN APPAREL"
"PC HDWR & OFFICE EQP","PC HARDWARE"
"TELEVISION","AUDIO ELECTRONICS"
"HEALTH AIDS","PERSONAL CARE","SMALL ELECTRICS","HOUSEHOLD CLEANING","BATH"
"HOME DECOR"
"SCHOOL/OFFIC SUPP","VIDEO GAMES"
"VIDEO GAMES"
"HOUSEHOLD CLEANING","NETWORKING"
"SMART HOME"
"HOME ORG/SOLUTIONS"
"MISSY TOPS","MENS MODERN COLLECT","MENS ACTIVEWEAR","GENERAL HOUSEWARES","iPAD"
"GENERAL HOUSEWARES"
"PERSONAL CARE"
"TELEVISION"
"AUDIO ELECTRONICS"
"SMART HOME"
"CHILDRENS FOOTWEAR"
"HOME DECOR","SEASONAL GIFTS"
"NETWORKING"
"SCHOOL/OFFIC SUPP"
"SCHOOL/OFFIC SUPP","HOME ORG/SOLUTIONS"
"THIRD PARTY GIFTCARD","VIDEO GAMES"
"SCHOOL/OFFIC SUPP","TABLE TOP & KITCHEN"
"PC HARDWARE"
"AUDIO ELECTRONICS"
"JUVENILLE FURNITURE"
"SCHOOL/OFFIC SUPP"
"PC HDWR & OFFICE EQP"
"TABLETOP","HOUSEHOLD CLEANING","SPIRITS"
"TELEVISION"
"SCHOOL/OFFIC SUPP","HEALTH AIDS","HOUSEHOLD CLEANING"
"PC HDWR & OFFICE EQP","COMPUTER SOFTWARE"
"VIDEO GAMES"
"MENS SHOES","TODDLER GIRL APPAREL","TODDLER BOY APPAREL","BOYS 4-7 CLOTHING","BOYS ACCESSORIES","CHILDRENS FOOTWEAR","AUDIO ELECTRONICS","NETWORKING"
"FOUNDATIONS","DAYWEAR","MENS SHOES","PC PERIPH/OFFICE ACC"
"VIDEO ELECTRONICS","PRE-RECORDED A/V"
"PC HDWR & OFFICE EQP"
"GENERAL HOUSEWARES"
"HEALTH AIDS","BABY CARE","GENERAL HOUSEWARES","CANDY"
"TELEVISION"
"TELEVISION"
"AUDIO ELECTRONICS"
"TELEVISION","SMART HOME"
"AUDIO ELECTRONICS"
"TELECOMMUNICATIONS"
"MENS DRESS SHIRTS","TELECOMMUNICATIONS","WEARABLES"
"BEAUTY CARE","AUDIO ELECTRONICS"
"TELECOMMUNICATIONS"
"NETWORKING"
"PC PERIPH/OFFICE ACC"
"LADIES DRESSES","MENS DENIM JEANS","MENS SHOES","TOYS"
"SMALL ELECTRICS"
"PEGABLES","BABY CARE"
"NETWORKING"
"GENERAL HOUSEWARES","BATH"
"PC HARDWARE"
"CAMERAS & EQUIP","TELEVISION","AUDIO ELECTRONICS","PC HARDWARE","VIDEO GAMES"
"SLEEPWEAR/LOUNGEWEAR","GENERAL HOUSEWARES","AS SEEN ON TV","PC PERIPH/OFFICE ACC","BATH","BEDDING","TOBACCO"
"AUDIO ELECTRONICS"
"PC PERIPH/OFFICE ACC"
"MENS ATHLETIC SHOES","AUDIO ELECTRONICS"
"AMERICAN GREETINGS"
"VENDING/AMUSEMENT MA"
